Frame No.,Sequential 500,Sequential 1000,Sequential 1500,Sequential 2000,Sequential 2500
0,18.46511,8.024098,5.868173,4.540242,3.445636
1,23.09618,15.16503,10.56674,12.13903,8.639533
2,0.9757906,1.014912,0.8922303,0.9328095,0.8838945
3,27.09638,17.21674,11.25982,7.531204,5.271053
4,61.55892,31.60137,11.75885,7.651888,6.319463
5,72.16153,62.52697,16.18312,9.00231,6.044798
6,50.37453,59.566,19.08506,9.15761,6.733132
7,57.07144,53.4228,29.82617,8.090517,5.997491
8,15.61509,51.86023,24.84022,9.376984,6.78853
9,16.75381,47.82629,26.57299,9.406488,6.117742
10,41.24239,87.20145,30.03048,8.222697,6.114458
11,64.67176,43.54737,41.19397,9.21002,6.723037
12,59.64096,62.17166,28.47243,9.503752,6.03224
13,58.62593,60.7408,28.45541,8.259773,6.638087
14,62.25293,56.332,32.98479,9.312088,6.127327
15,56.70445,61.86473,30.13646,8.964663,6.592257
16,73.89781,92.2969,43.65535,8.113235,6.180947
17,49.3447,41.31856,30.48399,9.252919,6.739839
18,61.79668,46.45804,33.87993,9.415575,5.967135
19,60.61525,55.44743,18.58408,8.036402,6.680268
20,60.02149,61.59608,33.36681,9.161326,6.177122
21,58.05751,65.34837,29.70541,9.214933,6.022243
22,60.52316,57.35228,41.46333,8.128621,6.497122
23,68.41022,53.28474,23.89989,9.047407,6.013797
24,49.61548,126.4159,26.72346,9.054789,6.432237
25,65.1101,42.65993,30.01867,8.100419,5.909851
26,59.27296,48.07415,44.54006,9.090959,6.462253
27,59.46682,51.78503,43.49774,7.898052,6.101337
28,58.52505,59.83903,26.92109,9.015401,6.575673
29,68.62476,56.8382,29.02766,8.85676,5.901568
30,50.48848,61.73068,44.22646,7.962399,5.884153
31,63.48441,57.83824,46.59224,9.030414,6.418407
32,58.9501,60.75297,41.73692,8.967508,6.005137
33,58.74509,83.10342,32.08234,7.872299,6.431079
34,58.68063,43.62983,36.39686,9.239079,5.795083
35,60.31727,49.70747,25.23405,9.009528,5.818378
36,66.82526,48.17582,44.4034,7.794973,6.261662
37,50.11878,61.75394,30.88994,8.850348,5.880035
38,61.98475,57.76974,44.4245,7.874667,6.218515
39,59.51814,61.58394,27.46121,8.611974,5.661578
40,59.36973,56.00672,34.64668,8.582623,5.785417
41,58.57819,60.92026,28.83747,7.836585,6.275262
42,68.48377,105.3153,42.0686,8.895934,5.937452
43,48.53568,39.92845,28.92464,7.858071,6.338558
44,63.91614,45.78545,44.89257,8.543832,5.889812
45,60.14784,50.01,27.01403,8.914952,5.692054
46,59.87379,60.30526,36.96051,7.598744,6.211037
47,59.7868,56.39426,20.63962,8.831862,5.713342
48,58.82699,60.91692,32.28139,7.615108,6.240604
49,67.45408,56.87441,29.94613,8.464111,5.726465
50,51.76627,62.65115,28.50383,8.843156,5.56557
51,60.68219,91.65651,32.15703,7.789084,6.101683
52,59.57949,40.02033,30.52056,8.761823,5.604395
53,59.96282,47.19163,45.85389,8.698852,5.596187
54,61.258,67.36048,39.62012,7.472049,6.104689
55,69.70001,54.27232,27.50767,7.559516,5.73216
56,50.7707,60.63436,27.37603,6.77679,6.218874
57,59.81684,57.2102,44.05927,8.181398,5.61041
58,60.09038,30.04095,40.67339,7.961568,5.600252
59,57.38288,66.7147,33.59323,7.458818,6.138731
60,59.66373,50.40653,42.9203,7.738321,5.509976
61,67.9671,49.6236,25.50799,7.014827,5.713675
62,49.98351,61.67776,35.40788,8.055733,5.980321
63,60.33219,55.28864,30.46626,7.811078,5.614892
64,59.50681,61.93791,45.33215,7.278709,5.611143
65,58.14258,57.30626,42.42591,8.72541,5.959653
66,59.27472,93.32537,33.22259,7.820883,5.689848
67,59.05733,41.65105,34.44285,8.629758,5.639579
68,69.7496,60.84946,27.11563,8.333341,6.206774
69,50.87531,15.70352,41.76377,7.344301,5.60623
70,62.77937,38.81716,31.55052,8.625174,6.219362
71,58.1869,59.62567,44.91879,7.668535,5.680785
72,57.67611,58.04639,25.98071,8.627606,5.746935
73,59.0507,62.79987,36.80191,8.685072,6.086868
74,71.11516,61.90034,32.42647,7.815119,5.697048
75,48.17675,50.35551,45.16773,8.802778,5.684538
76,61.46735,53.57392,25.33756,7.744446,6.14988
77,59.63065,57.56622,31.73555,8.719202,5.884977
78,61.29479,58.66444,26.72746,8.856133,6.166011
79,56.52336,60.83909,26.24314,7.817887,5.456811
80,62.55082,87.38891,32.73997,8.464204,4.25206
81,72.04507,43.44501,39.48293,8.514305,6.028832
82,51.39142,62.37758,42.25525,7.789672,5.899228
83,60.72198,56.32597,27.90926,8.416446,6.285845
84,58.62902,51.03291,28.45533,7.742689,5.867594
85,60.5162,49.1444,40.30698,8.478536,5.842118
86,60.17137,61.47453,43.67861,8.505925,6.307222
87,70.71886,55.94218,47.11559,7.900155,5.926467
88,47.24446,102.3196,31.4327,8.766924,6.557106
89,61.62986,41.21298,33.89233,7.831773,6.064414
90,58.89177,57.83824,27.02798,8.807119,6.080565
91,58.59741,62.27426,45.18508,9.059645,6.616737
92,60.7135,61.87162,31.52039,7.69772,6.046841
93,57.79445,47.07322,46.10334,8.550173,6.568416
94,72.02328,51.20485,36.97199,8.721826,5.969198
95,49.24726,57.60037,26.64499,7.797411,6.71722
96,63.06602,59.67371,44.15928,9.05693,6.309506
97,60.2018,94.70235,31.94317,8.924157,6.705473
98,59.1471,42.7877,43.94638,7.886317,6.268233
99,59.05244,59.84691,40.63554,8.890849,6.790614
100,71.08482,62.4286,28.73266,9.263196,6.276069
101,51.78369,59.45869,28.20859,8.052612,6.901845
102,59.39618,50.43983,41.92714,9.390915,6.320577
103,60.58807,45.07001,40.97672,8.909472,6.978197
104,60.85649,61.01951,33.14705,8.155216,6.597329
105,60.52133,96.47015,43.43615,8.964654,7.137601
106,68.14031,40.32453,35.87598,8.989839,6.490569
107,49.56384,60.73046,27.9671,8.010363,7.043385
108,63.14766,61.92525,26.47548,8.825938,6.668694
109,60.11892,62.4247,32.27743,9.352717,7.316397
110,60.33401,57.82586,31.9451,8.363379,6.555662
111,60.07702,48.88111,25.42356,9.397587,7.380613
112,70.15623,50.23283,27.32158,9.305546,6.561581
113,50.03352,60.06006,42.26864,8.27316,7.369322
114,61.34066,85.29585,41.76708,9.549047,7.363065
115,59.23679,42.22937,29.39905,9.302801,6.539483
116,59.18456,64.53944,36.13422,9.64031,7.496488
117,60.40544,56.45953,26.5648,8.537982,6.757008
118,58.70336,61.27226,43.38075,9.74076,7.649816
119,71.85198,61.07504,31.97186,9.61178,6.848785
120,49.81494,45.3667,45.31387,8.187366,7.615404
121,60.71498,49.02994,27.07789,9.537744,7.564291
122,58.69509,62.00051,36.59947,9.832001,6.862735
123,59.21049,88.3439,30.52876,9.563064,7.737435
124,58.6005,40.15742,46.14313,8.369917,6.991491
125,69.10898,63.12534,45.03409,9.866672,8.037816
126,47.68058,58.70474,40.14468,9.758287,7.907701
127,64.96375,58.42316,29.20041,9.923086,7.308168
128,58.23874,59.93766,27.13653,8.646465,8.165379
129,59.05244,48.85198,43.87909,10.1368,8.145611
130,59.08838,49.38906,41.35769,11.40278,7.259281
131,60.1341,57.91931,33.74924,10.33298,8.322466
132,70.15427,89.29369,44.16747,8.90399,8.165532
133,49.98576,41.42725,35.47168,10.07722,7.574685
134,62.67117,66.38035,26.14803,10.09178,8.266622
135,58.33081,53.75101,44.75194,10.09878,7.352509
136,60.28818,56.56237,31.55112,8.749235,8.405128
137,60.47338,62.76873,41.00713,10.1611,8.452528
138,67.73324,47.45679,44.10279,11.45647,8.489043
139,51.28205,50.71663,19.27577,10.54683,7.627957
140,60.83761,60.00132,28.73803,9.102427,8.583204
141,60.92583,92.35657,29.70709,10.72241,8.511333
142,59.41912,42.39731,32.16562,12.19365,7.630396
143,61.0523,62.41574,39.57841,11.62726,8.669335
144,69.60928,62.29598,26.77348,10.74181,8.74606
145,50.20937,56.90904,34.05009,10.36731,7.723797
146,62.90851,62.26534,30.57758,11.23161,9.083832
147,60.17463,50.57529,42.24775,10.50002,8.885612
148,59.99988,51.35078,31.24209,11.98769,8.851414
149,57.89449,87.34311,37.88884,12.22857,8.115783
150,70.29234,40.54345,25.98604,11.20419,9.132445
151,49.52138,65.46002,25.23029,10.29656,9.291228
152,63.02309,59.4654,43.66793,10.96193,8.896607
153,59.66409,59.7818,40.59793,10.82563,8.138438
154,59.86697,56.54893,33.19634,12.49911,9.484112
155,57.9069,65.29845,27.05598,12.44691,9.321524
156,58.9112,45.51682,33.30935,10.83575,9.48718
157,69.56667,49.87506,29.53477,11.3799,8.161739
158,48.44468,59.24978,44.54839,12.7271,9.479455
159,61.06945,90.42,40.17258,13.56679,9.494782
160,60.52646,41.87973,28.2089,13.02723,9.341028
161,59.98944,60.98639,25.32562,12.90579,8.275365
162,61.08362,59.83223,44.50656,13.57064,9.477738
163,69.73403,57.84125,42.96585,11.60466,9.365348
164,51.18886,60.96892,20.74508,14.38127,9.524698
165,60.78584,48.93805,31.57662,13.64113,8.673929
166,59.48026,45.89893,23.08845,13.74559,9.810895
167,60.57595,100.0921,27.41206,16.69784,9.905746
168,60.34602,40.32746,27.73302,15.61897,9.919494
169,70.28493,30.41955,41.45129,16.26278,11.36157
170,49.28245,51.91946,29.26261,17.17192,8.748815
171,60.76183,61.93063,27.38721,16.35139,10.43693
172,60.40873,66.15463,24.72017,14.00843,10.22342
173,59.20242,47.38551,42.19641,14.36257,11.29892
174,59.15025,48.78882,40.5326,13.63315,10.32498
175,59.64381,59.57417,31.13907,15.75942,10.71968
176,67.50508,91.52815,26.07582,18.27151,10.38661
177,50.40653,40.96162,33.97443,16.28304,10.00501
178,42.04224,64.6095,29.32741,16.00773,9.361341
179,60.34056,56.42226,44.5345,18.69103,9.332075
180,59.68403,59.84047,38.53728,17.80627,10.24155
181,60.51987,55.48343,24.686,16.7261,10.90306
182,58.99079,46.91664,25.89184,23.04232,11.17586
183,58.498,48.52908,29.69103,16.36372,10.05647
184,70.10361,58.00094,42.15798,13.37022,10.84562
185,48.5006,58.77858,31.10197,14.06171,10.53176
186,63.55421,96.89359,18.08528,10.95342,12.44427
187,58.35633,41.89605,26.51317,12.29132,12.62932
188,59.10969,57.20856,28.71344,11.52455,13.32855
189,58.46312,64.43673,28.42136,10.62725,13.42379
190,58.90149,60.2642,26.2663,14.18025,12.97855
191,70.72836,47.64446,23.74631,13.77164,13.1399
192,51.15587,46.95784,40.96564,17.12103,13.37079
193,59.74215,59.30389,29.53111,16.32312,13.07442
194,59.9427,99.79443,46.15015,14.43979,13.69533
195,59.35,40.10347,25.9936,15.82351,13.2503
196,58.92092,62.72463,27.47072,18.00112,13.03451
197,70.52087,60.21702,40.90314,22.94188,16.49964
198,50.3758,64.7245,40.09655,18.33278,16.66433
199,61.17255,55.40013,29.98384,17.51541,13.80455
200,60.3646,47.45184,40.8385,22.8419,16.94843
201,58.12838,46.62592,26.2271,16.79794,16.49101
202,60.17318,60.60386,26.53386,21.22998,14.97161
203,58.71267,58.10305,41.67934,21.47669,17.32055
204,68.48002,86.20838,41.3003,26.02012,16.57429
205,48.37368,41.2686,29.92982,20.63226,15.56735
206,64.46207,63.72755,40.9868,17.75644,18.64924
207,60.35622,62.04013,17.21965,24.29785,16.04644
208,60.00636,58.33251,22.93478,25.13611,16.67303
209,58.75959,45.1345,26.04825,22.5099,14.79051
210,69.26071,48.94691,27.32464,18.73105,13.97044
211,49.67389,57.55528,24.83528,26.09079,15.50722
212,60.48875,57.87104,24.49389,23.87005,17.3487
213,58.33081,58.53978,38.57623,21.63411,16.14265
214,59.6342,93.9267,27.22162,13.88133,15.59875
215,57.93978,41.81021,30.86067,20.99006,18.29645
216,61.23211,60.35768,24.81371,17.66354,15.27515
217,70.51838,62.93623,26.28915,21.4186,14.3622
218,50.45994,50.01476,40.84684,18.95228,18.23094
219,61.89153,48.30825,40.54032,22.41364,16.15812
220,57.77742,57.55859,30.06922,16.71766,17.71401
221,58.50588,56.56844,25.21629,25.07529,18.1209
222,59.67406,97.22803,25.86057,18.35647,17.0383
223,73.00709,40.07261,39.72068,22.37712,16.59787
224,50.09543,61.92717,40.26219,25.38438,22.21432
225,62.90337,65.21881,19.79081,25.38864,17.63491
226,59.8419,56.58637,21.92285,19.92179,16.79425
227,58.71922,47.16447,23.13503,20.49201,25.03693
228,59.7104,49.67611,28.0586,28.18664,15.69351
229,73.90819,59.33204,29.36728,24.48328,17.26168
230,47.45364,58.75786,31.21381,22.48227,17.21508
231,62.5982,58.98904,24.70704,18.81999,17.13144
232,60.56238,93.94258,29.57023,26.30202,13.93031
233,56.90192,42.9179,40.32746,25.22545,17.3441
234,60.47009,61.90034,29.42249,22.60178,15.95769
235,76.07745,59.73038,26.85263,23.15855,18.36132
236,48.07531,48.1357,24.87389,26.9536,18.18053
237,61.75775,45.70342,40.08241,25.80805,16.21187
238,60.79064,60.75814,26.18123,22.49668,17.68828
239,59.78537,62.23279,43.28349,18.55797,22.25937
240,58.3451,93.59002,23.64021,26.34956,17.52332
241,60.65826,39.69498,27.47457,26.17938,17.16656
242,71.69795,60.81837,18.18595,23.41251,22.08368
243,47.08785,62.43561,29.67377,22.9958,17.52587
244,65.13937,56.20188,22.69874,19.25984,18.93954
245,60.09543,48.85651,23.82893,21.79998,21.3955
246,59.12577,50.009,28.41991,22.92815,16.34377
247,60.75629,58.95496,28.81263,21.99189,16.68316
248,76.13131,58.70301,24.30169,25.46369,21.97995
249,46.94659,95.43169,24.65872,24.97241,16.15699
250,64.40394,39.025,29.53311,18.81092,18.39933
251,58.80935,56.39267,26.47253,21.63978,19.22907
252,60.52499,60.40726,25.17243,25.23436,15.81931
253,60.19854,58.86127,23.41377,25.8569,16.63371
254,72.70242,46.89925,26.53555,19.30737,22.27067
255,49.84722,44.69314,28.31105,23.31954,16.7406
256,60.27291,59.02805,22.10277,24.0947,18.20555
257,59.10794,57.82586,19.63618,26.28466,23.24646
258,60.80986,57.26196,28.56996,22.73048,16.49915
259,60.14929,57.82118,27.30316,19.61388,17.53878
260,70.78394,106.4181,23.58407,26.89445,21.96282
261,49.6729,38.97663,24.77388,24.8601,18.02474
262,59.33838,56.37773,28.66586,22.82756,17.55187
263,62.25991,43.79012,27.4292,22.13403,23.53722
264,59.26312,35.07185,23.38055,24.69709,18.60811
265,61.00388,54.12691,24.07058,27.48793,19.96335
266,58.69819,51.12291,27.78797,8.16118,14.99432
267,69.28086,62.59467,38.17362,15.31487,15.96791
268,49.45745,95.39345,23.14633,15.25516,17.42458
269,60.97264,38.7681,25.39612,18.75332,20.22404
270,59.65875,58.00901,19.21237,25.45766,16.03854
271,57.45211,46.98763,29.13261,18.70746,16.66369
272,59.78537,44.59269,22.21319,22.47595,16.67667
273,68.92654,61.89153,19.03493,24.31635,15.3818
274,50.84168,57.88042,27.86897,27.60585,16.02379
275,60.278,61.28089,27.50918,22.37086,19.65869
276,57.47523,63.18716,24.28906,18.90248,16.02618
277,59.28947,53.90516,24.53536,26.325,17.33174
278,60.01645,112.8146,26.85999,27.30629,22.5528
279,60.07521,40.06651,29.16549,24.04517,17.15445
280,70.81902,47.96117,24.76584,23.38465,17.3829
281,49.49172,50.12355,23.08546,27.21577,21.71275
282,63.94843,58.57956,28.09028,28.37813,16.84018
283,60.59468,56.90483,23.15533,22.15394,15.85361
284,60.00492,33.20858,19.44697,23.28354,18.83275
285,60.07702,71.47095,22.91271,27.62584,15.31684
286,68.72333,56.15769,25.04684,26.99165,17.24376
287,50.28132,61.99705,28.67416,22.95542,18.35051
288,61.83604,48.88876,22.87874,22.53217,16.31939
289,60.20868,49.53511,24.36748,17.41611,15.96613
290,58.25639,57.82586,25.42388,23.61732,18.3315
291,60.08027,56.46687,28.33086,22.19687,16.49482
292,69.12904,60.11747,23.42173,23.66349,17.20845
293,50.24469,101.2422,23.46195,28.33166,23.61314
294,60.15255,40.44931,25.71977,28.4747,15.62957
295,58.37064,62.2603,20.33934,22.32821,17.85644
296,59.2154,62.08288,20.32607,23.28202,17.62198
297,58.70164,49.09927,20.58549,29.58974,20.81642
298,59.34331,47.9934,27.11828,25.9166,17.58511
299,69.77052,59.47991,25.54083,23.81968,19.6515
300,50.52521,56.38536,18.80778,23.73054,20.45605
301,62.34686,60.92731,23.98145,28.6069,16.03769
302,58.74198,90.6068,25.70925,29.27778,18.98874
303,58.97269,41.865,27.70037,23.55402,16.55303
304,59.15375,64.29752,22.28477,25.12702,16.82748
305,68.45798,58.63865,24.86356,27.67821,22.45848
306,47.98257,49.88203,26.40473,34.71511,16.55352
307,64.18403,44.68575,19.82247,22.55824,16.48049
308,58.74164,61.43714,20.59855,24.60521,19.83131
309,58.59707,62.12106,23.19411,29.37168,15.91515
310,58.99566,57.00767,25.11787,29.16906,20.08193
311,61.56271,101.7708,27.38826,25.64195,18.61733
312,70.49303,39.10328,22.85531,24.5945,17.04237
313,51.24789,61.88081,22.64426,22.37362,12.71116
314,60.88243,60.82688,25.91258,27.55474,19.26418
315,60.23734,47.62154,24.57673,29.49087,16.73772
316,59.3581,49.74803,19.57556,22.50073,16.60162
317,60.0132,58.86751,22.00365,23.63429,17.97682
318,71.02374,57.62526,17.7613,28.92648,16.55942
319,51.24526,58.87409,22.62372,36.15368,17.38205
320,60.77365,103.5701,21.15037,21.31314,17.4987
321,60.42917,38.7863,18.74035,22.43571,16.58787
322,60.63436,58.98591,25.95798,28.82268,17.66089
323,59.89207,57.56953,25.61705,24.91001,23.89349
324,70.42155,46.36069,22.37602,23.08845,16.18665
325,49.18742,51.45197,23.09192,17.90116,17.59061
326,60.93919,57.06981,26.35025,26.21582,23.40895
327,58.23128,57.89751,27.73879,25.32684,16.78968
328,59.9409,62.04552,16.54996,21.89128,17.26388
329,61.1445,59.24487,19.56021,19.12375,24.63606
330,70.72336,96.97722,20.00788,26.44642,17.05024
331,49.19855,40.15596,25.25163,24.96542,21.1903
332,58.79309,57.93843,21.38072,22.67707,18.49663
333,59.79359,49.11398,19.10789,21.93901,18.19657
334,56.84111,47.40752,25.5347,25.89842,20.56158
335,61.45488,58.97443,25.12758,26.01599,23.64597
336,60.63436,61.31245,23.57862,22.30216,17.91389
337,73.32131,55.46896,18.33621,19.95016,18.47336
338,48.25603,57.95388,18.26651,27.61294,23.37142
339,60.77328,108.7784,20.36606,24.51605,16.81956
340,57.30955,39.13251,21.65571,22.57112,17.32907
341,61.48284,61.50061,18.34785,22.62802,23.01432
342,60.40873,48.01944,26.15124,26.60339,17.11693
343,73.22628,50.79726,20.83459,26.53322,16.73536
344,49.51353,60.77734,18.35866,23.42381,22.98988
345,62.19873,56.56684,25.45164,22.14987,17.52544
346,60.36971,60.04852,24.05894,26.00652,16.94829
347,59.32043,58.87721,21.2243,27.12453,23.67183
348,60.05681,60.17644,14.59594,23.5976,16.6554
349,68.32468,94.63961,20.41199,22.56252,17.19105
350,50.38621,41.19397,17.38248,26.49252,23.74395
351,61.80584,46.20176,18.05497,26.06508,16.72702
352,59.64203,51.63529,24.90977,25.63636,22.12106
353,60.20506,59.58091,17.36458,23.22654,19.80673
354,60.51108,60.06006,20.44137,30.04176,24.79224
355,59.53621,58.74647,24.46429,26.76846,19.44822
356,71.32362,59.38595,16.03011,23.28028,17.75921
357,49.92038,58.31006,18.44287,24.77793,19.16718
358,61.14264,92.13702,16.37149,29.1298,25.19431
359,60.70466,42.07037,23.77584,27.45978,16.23261
360,60.08352,48.40974,16.78097,24.02495,20.81477
361,58.2184,45.39059,17.64011,22.73652,18.20817
362,71.53793,58.33557,22.25868,26.95563,17.20886
363,47.54953,60.83243,17.48998,28.12307,16.25406
364,64.07628,53.9133,13.82644,24.08843,23.54697
365,59.57594,59.55926,19.82102,24.16095,16.80362
366,60.27982,60.79619,17.17744,26.8362,16.70459
367,58.93724,114.3746,17.60954,40.04036,23.12235
368,69.02883,37.25338,24.24895,21.96643,16.63462
369,50.30358,40.6757,17.89011,16.46391,18.02068
370,59.5976,60.22029,22.30774,22.69442,21.78934
371,58.7658,97.91154,23.96243,27.28051,17.54395
372,59.15515,40.27905,15.56995,22.41951,16.42416
373,58.44057,64.92664,18.7047,21.24536,18.21421
374,59.27963,53.57248,17.37191,26.4161,15.25711
375,68.95316,58.90496,23.66371,26.56148,17.57012
376,49.84399,55.74882,17.73808,24.34452,22.89293
377,59.1387,47.44958,22.35336,23.92654,16.66097
378,61.5078,49.25744,24.61847,27.30592,17.2238
379,59.3796,59.95743,19.9177,34.80634,18.24208
380,60.25258,56.17094,16.81653,24.60043,17.00316
381,70.46273,95.55022,17.94011,22.86922,16.39213
382,48.89904,41.10946,19.13465,30.52401,23.30584
383,60.40179,64.62328,18.41058,28.36912,16.57028
384,59.55429,58.47543,21.03067,27.73056,13.50678
385,58.8838,56.38504,18.88432,24.00027,18.17115
386,59.69365,45.26403,22.19731,23.93776,12.72446
387,58.92752,45.44835,17.44059,28.35182,16.4209
388,70.0987,63.25951,26.26561,36.76836,19.65528
389,48.83766,57.56787,16.06508,24.41078,16.99507
390,60.55211,59.05558,16.25467,22.91245,16.81124
391,58.40234,91.04897,21.76477,26.62251,22.25843
392,60.26783,42.31783,16.95136,26.35637,16.67395
393,60.58623,64.7832,17.73792,23.27346,16.69798
394,59.72396,61.43374,23.10285,22.03483,19.83863
395,69.27415,49.7557,17.32472,27.27114,16.49659
396,50.48236,24.17678,14.03759,26.35449,19.65312
397,59.61892,55.30851,19.63819,22.40148,18.43478
398,59.98296,60.42077,16.53119,23.48509,16.11583
399,60.27982,107.0515,16.51386,26.97868,17.07819
400,59.88885,41.11572,19.78079,26.97192,18.07916
401,68.79661,60.38137,17.74012,22.41831,20.46928
402,51.49277,58.3053,21.11268,23.53639,16.13049
403,61.04372,45.0881,22.47262,28.51554,18.30928
404,60.43428,48.42287,14.80451,27.91362,16.13353
405,60.35622,58.51238,17.85418,22.31077,16.01697
406,56.03308,56.31423,18.80795,23.16885,18.8093
407,72.41025,63.26151,18.11998,26.31337,16.08666
408,51.04619,57.97908,21.59902,27.14367,17.88726
409,60.41712,101.351,18.78587,22.34332,17.07452
410,58.67271,39.72873,17.41071,22.18677,17.01841
411,58.45014,57.71673,20.69061,28.02855,20.62711
412,61.09034,45.9314,17.69398,27.42536,20.25001
413,72.0015,49.56728,15.87307,21.50149,19.84765
414,49.43594,58.96296,17.52931,20.62175,16.11824
415,61.74707,55.65914,23.26615,28.99189,19.58522
416,58.70784,59.30565,17.15722,25.04834,16.02392
417,60.3493,58.92405,17.97834,22.45521,21.33588
418,59.11423,60.08857,23.40304,23.01332,18.09398
419,59.19752,93.61017,21.91661,28.85295,17.9269
420,72.06688,42.18875,14.354,25.85095,16.06485
421,46.69995,44.0956,20.62787,23.78427,23.64049
422,62.49023,40.09735,16.22192,22.52765,16.10817
423,59.64061,111.9257,17.02302,25.77081,16.58441
424,59.33521,41.1377,23.75636,26.50397,19.25069
425,60.89281,63.99222,16.82578,21.4989,16.34166
426,76.23462,59.48663,18.11095,23.64569,16.76235
427,47.4055,58.27845,23.7729,25.61587,20.64375
428,63.9652,59.9524,13.83849,25.97538,15.09156
429,59.12262,46.61983,17.92645,22.42605,16.38624
430,59.08036,48.27117,18.66807,19.38683,19.03055
431,60.49241,58.8045,17.56364,26.50664,15.71596
432,57.94313,101.3993,17.22436,26.36936,16.55139
433,70.36555,39.38993,22.49456,23.82126,17.40169
434,50.95282,59.9391,16.96882,23.29346,15.87014
435,58.70784,59.60932,13.79963,27.53031,16.41497
436,39.73599,55.15628,18.27522,27.75203,18.72596
437,60.61047,61.58015,16.19216,22.5175,16.82459
438,59.91432,47.51361,17.51645,22.86023,16.61513
439,60.34748,48.68336,18.306,27.07789,17.94507
440,60.65826,58.57304,17.51657,28.62451,18.21066
441,58.92405,57.48448,18.10758,23.77556,16.30672
442,70.16756,101.5486,17.65593,23.37164,24.07463
443,47.77534,38.68891,17.33508,26.96857,16.36736
444,62.02935,59.52665,16.53209,27.90599,18.14698
445,60.34602,66.41959,19.14033,23.04848,21.10457
446,60.59504,55.79517,16.19082,22.37927,17.31437
447,59.65057,47.42865,17.38502,26.97388,17.72459
448,71.10606,51.15613,21.36839,28.41272,23.78981
449,50.94788,57.09718,14.35785,23.67469,17.0088
450,61.30719,60.91507,17.90209,23.46839,20.09961
451,59.78537,92.39156,17.96674,28.67416,19.30878
452,60.43063,41.04568,17.30095,33.0514,16.65903
453,59.19261,60.25766,17.08161,21.66622,17.0842
454,69.587,63.34727,17.04969,23.77155,21.99417
455,51.67371,59.5015,14.54493,28.0638,18.13638
456,57.50002,48.95913,10.16944,26.49323,17.01922
457,59.91755,46.26567,11.9784,22.25679,22.64785
458,55.24465,56.20346,9.523429,20.58469,16.33915
459,59.57913,63.10661,12.62575,25.99178,16.97862
460,59.8953,101.351,13.37404,24.57926,23.45172
461,75.53041,40.23287,12.97061,24.19146,16.42843
462,49.08939,58.2245,14.08455,23.19943,15.15064
463,59.64879,62.55043,14.25956,26.29849,19.30219
464,62.62917,53.83725,18.35613,26.73904,16.41963
465,58.81281,46.80706,16.56518,22.0007,16.86045
466,61.53392,49.44474,17.17496,23.18959,18.57859
467,73.71532,59.50645,14.71828,27.26661,19.64139
468,46.96909,58.4375,18.32321,26.30271,17.02936
469,67.21695,58.9178,16.64622,23.13433,19.63279
470,59.78859,97.46209,19.30006,23.30986,16.12979
471,57.90086,40.42871,17.40829,27.91503,17.56855
472,61.00388,62.03859,17.83739,27.20674,21.36793
473,75.22587,61.55892,24.67972,23.79723,13.24005
474,48.59535,45.38111,22.09666,24.99688,17.74497
475,62.62917,48.16816,14.53782,26.00185,19.81536
476,57.39671,58.24044,21.38374,28.39804,15.90169
477,60.21194,57.85363,19.56304,23.12128,14.09938
478,59.97109,60.69103,17.11954,22.41153,13.55135
479,74.38816,97.93935,20.54506,28.63976,12.16859
480,48.93469,40.85168,21.34923,27.17812,11.42272
481,58.41838,62.12646,17.52833,15.92697,10.90587
482,60.36132,63.6748,25.23347,21.02713,14.4979
483,60.6101,47.57261,21.67063,27.09462,14.07057
484,58.23908,45.09563,14.23571,27.00287,17.37822
485,74.74345,59.26804,20.00676,20.01425,17.03804
486,48.62938,59.46505,17.50985,19.1374,17.66104
487,62.27969,56.14571,18.28257,26.0473,16.51427
488,59.04094,112.5606,23.96426,27.02871,19.08626
489,60.61561,38.66528,18.18684,21.86404,17.54066
490,59.96426,59.74215,22.04775,23.37727,16.95286
491,72.42493,58.99392,24.70472,26.16431,22.80642
492,49.3754,46.87969,26.75041,24.09493,16.61204
493,62.15156,25.60026,21.91906,20.60509,17.73968
494,60.3595,52.47856,14.57975,18.97947,23.23987
495,57.91495,60.16449,21.25629,23.79955,15.53577
496,58.1869,62.69514,17.13309,24.43859,17.76066
497,58.9435,56.25784,22.62254,17.83234,22.98349
498,69.62091,112.1592,22.80304,21.74693,17.44942
499,50.37225,38.49159,18.03479,18.95178,17.25432
500,61.08698,39.69703,22.98914,27.94889,21.91992
501,57.36609,45.28145,25.38142,22.21344,16.82049
502,59.05872,60.28818,27.07818,25.03605,16.32275
503,58.44228,110.1771,18.31428,26.37131,18.82183
504,59.36621,36.92803,17.27363,28.2442,16.36535
505,68.07352,61.92525,18.96554,22.93973,18.04022
506,50.10472,62.83499,17.31758,23.60924,23.62486
507,63.48803,54.53901,17.06569,27.61973,17.08009
508,60.20832,47.45792,24.8924,26.92319,21.20603
509,58.32128,47.92807,17.17219,23.40128,18.76595
510,58.93898,57.57848,18.1125,23.25149,22.45899
511,70.23409,53.5014,25.1108,27.11247,17.89741
512,48.51613,63.06403,21.01556,26.56445,16.36985
513,64.77355,96.88984,14.29981,22.0732,21.42521
514,60.33911,38.09089,21.04966,23.32585,17.5857
515,59.89243,61.31772,17.76126,26.4002,17.4507
516,60.33073,60.10229,20.17854,26.20394,23.45144
517,71.2337,49.84846,19.23684,22.58177,15.74332
518,49.06338,46.83051,17.74862,22.94188,17.83221
519,61.05752,57.18991,22.08729,26.66852,24.37693
520,59.52133,61.04522,22.82219,26.57991,17.02041
521,59.53125,56.93204,18.85807,23.755,17.06499
522,59.411,60.67556,15.98018,24.01773,22.93999
523,60.51804,106.7418,19.44413,28.46935,16.04729
524,70.12377,41.03221,16.67548,26.94445,18.0437
525,50.02201,54.14332,16.98211,23.81174,23.9726
526,61.92181,44.99721,19.6549,23.67133,17.43947
527,57.42275,48.47192,17.99568,28.12639,16.62635
528,59.93587,61.34555,21.67415,27.03521,23.47638
529,61.10117,57.79144,23.6486,22.51015,16.60148
530,69.88169,58.30088,18.66838,22.75991,17.0057
531,48.01944,59.45197,17.78192,27.78588,18.51773
532,63.83372,61.79133,19.94344,25.77359,20.02824
533,59.20593,95.91866,17.89594,21.6498,16.12698
534,59.44879,40.44456,17.67721,23.44858,19.64339
535,60.03014,44.99235,23.59448,28.78866,17.04399
536,71.28091,43.87716,17.31746,27.31979,16.63642
537,49.53855,59.40606,22.24986,22.5502,23.46994
538,60.65495,63.63347,24.29349,19.44644,16.82776
539,60.83761,55.2813,20.94701,27.22303,18.59244
540,59.81684,60.30017,21.10996,27.27598,22.57846
541,59.63385,61.70782,16.93248,23.19534,18.31928
542,58.07336,56.00798,20.82023,23.02673,19.86291
543,70.32695,46.08953,16.59043,27.91869,19.64517
544,51.0488,46.79786,17.80719,25.18308,22.25219
545,58.43579,60.43245,23.46762,23.50187,18.08452
546,59.00993,99.73371,17.15651,22.46888,19.65057
547,59.67086,40.72042,18.55074,28.7315,19.43956
548,61.267,58.76753,23.69831,38.48685,16.79216
549,68.96885,61.67586,14.30984,22.96702,21.29685
550,49.10386,59.99448,18.52576,23.8794,19.15621
551,63.7865,63.33403,22.29893,27.05672,21.99122
552,56.45348,47.80732,17.29036,26.65764,17.66001
553,58.99705,48.14219,17.93815,23.04004,25.87061
554,59.98296,54.39069,22.81298,22.4486,17.07152
555,59.37326,106.865,17.47857,26.8331,21.042
556,74.59736,40.96011,18.28585,27.06492,24.94425
557,48.02589,59.62247,23.62357,22.87042,24.43834
558,59.04443,60.25585,14.00468,19.03783,17.22312
559,61.13404,58.56207,18.84396,28.1423,17.76792
560,61.19876,55.74851,18.11735,27.5615,23.00839
561,59.53976,40.98512,17.98545,22.7955,15.72508
562,74.68874,45.94532,19.78971,23.74581,16.06725
563,48.56868,59.11248,19.20101,26.88598,19.76093
564,61.75241,58.98417,21.77146,26.58224,16.50015
565,60.84057,55.89559,17.7051,23.18835,16.96223
566,60.49424,107.6646,25.40934,24.03471,23.05566
567,59.74858,40.68183,14.84563,27.19986,16.81534
568,73.35412,61.21262,18.58774,27.53736,16.94869
569,46.07955,61.89651,22.39657,22.30082,23.87512
570,65.13342,46.47034,18.60424,22.60035,15.54219
571,59.74858,43.76962,21.95857,28.2875,17.57763
572,59.18105,58.7658,20.75373,26.94546,18.51533
573,60.92026,59.3648,25.55329,22.55137,17.30251
574,76.28347,55.34586,21.73393,23.03038,19.4489
575,47.58664,61.93254,18.33386,27.16705,18.76578
576,62.91603,116.3359,24.89643,28.36727,17.21301
577,57.98211,39.10053,24.38745,23.59915,16.27241
578,61.5271,60.05681,17.31464,23.7484,22.57392
579,59.87056,47.57487,19.23251,28.16108,16.35088
580,74.76412,47.82538,20.32045,36.15081,17.55932
581,47.76781,62.11026,21.35005,23.05518,23.9994
582,62.96991,28.33945,17.58554,23.10637,16.70902
583,59.53799,53.16576,25.9826,27.72695,17.87578
584,60.29145,56.20061,20.75533,27.19986,24.76014
585,61.19165,116.6208,18.63593,24.42855,16.97862
586,73.43707,38.48211,26.20655,23.86846,17.45353
587,48.8031,44.23389,25.51613,27.49466,24.78419
588,60.44633,37.09928,16.95539,27.89984,13.53083
589,59.64061,57.57881,18.66121,23.44627,17.95016
590,58.67236,110.9866,19.91774,23.5654,20.45956
591,60.09543,40.0935,17.57389,27.41769,21.05215
592,60.22863,55.32565,19.53278,26.47814,18.43984
593,70.81,59.32043,19.1072,23.7563,24.50284
594,50.39459,61.19876,21.09562,24.08327,21.48943
595,60.41529,46.34071,17.7841,28.06529,18.52655
596,58.85469,49.38906,24.51852,35.56403,26.68852
597,58.87894,56.66975,14.03576,22.90757,23.50132
598,60.47887,56.28286,19.39033,24.12505,17.56957
599,70.69286,62.57431,18.95681,28.4334,21.39738
600,50.38266,109.3279,17.22561,28.06269,24.24096
601,60.07341,39.86319,20.91875,27.31733,23.8358
602,59.51814,62.28706,19.91829,23.76127,18.03127
603,59.82865,60.72899,22.0912,24.83787,18.44794
604,59.88562,44.99802,17.09332,28.43874,22.95373
605,70.82153,48.07854,24.22234,35.65342,17.49781
606,50.47038,57.00312,14.35855,23.35865,17.45807
607,61.91644,59.7368,17.94701,24.46848,24.03817
608,59.29932,59.1744,18.65376,28.83664,20.46597
609,60.15761,60.42406,17.26612,28.18672,18.00747
610,60.45657,102.3971,20.75029,27.56643,24.47519
611,60.06511,40.54492,19.9279,23.60562,24.66578
612,71.02323,60.64833,22.36266,23.13331,17.53005
613,48.86009,45.08912,17.86579,27.8151,22.72448
614,60.98119,45.42522,26.61493,34.71909,24.71161
615,59.2189,65.72678,24.54807,22.67687,25.13934
616,61.51461,53.84566,16.00356,23.30405,17.42883
617,61.38283,60.13446,19.31606,27.23334,21.51144
618,69.91589,61.67053,19.85443,29.74827,27.4637
619,49.00639,108.1701,21.33352,23.10584,19.57234
620,62.04359,38.92005,17.59653,23.60094,21.34308
621,60.1511,58.28967,24.2095,28.52693,18.43413
622,59.51176,46.81538,18.45604,27.26319,24.90139
623,59.73359,44.45946,20.62391,16.95593,20.36797
624,69.04027,61.07691,19.80873,21.30829,18.54658
625,48.87777,59.10794,25.61495,28.4334,24.56882
626,63.73527,62.9953,15.47652,26.61294,25.57519
627,60.6774,53.46536,15.49275,23.88927,18.2988
628,59.24978,62.18248,19.00657,23.78925,21.46148
629,59.23504,113.1017,20.02547,28.97266,23.86794
630,72.87302,38.80798,17.92899,38.19593,25.00657
631,50.58143,36.90827,21.07695,22.88335,18.32227
632,60.22029,42.31962,20.53932,24.51906,22.25333
633,60.33401,55.00066,18.08086,28.79438,24.49474
634,60.38976,61.57332,25.46888,26.73111,24.25389
635,59.90248,48.99943,15.981,24.55223,18.56266
636,71.18147,57.9287,18.42068,21.62317,21.05498
637,51.12056,103.0418,18.61019,24.58718,24.37746
638,60.78732,32.85842,18.05009,28.55275,21.68685
639,57.91327,25.80272,16.81481,25.15825,21.49137
640,61.41111,32.82369,22.76116,23.25527,17.67822
641,58.99879,48.66914,17.65303,23.37038,25.11465
642,60.42588,58.93863,17.67793,28.14119,20.22539
643,70.83809,59.93587,23.73448,28.37886,17.76025
644,48.45243,55.81852,14.37172,24.46645,23.75263
645,65.25455,44.21824,18.36716,24.20569,24.94313
646,59.21224,44.3015,18.41624,28.72573,17.83132
647,57.58511,58.40712,21.04736,33.93097,18.029
648,61.60708,117.4191,17.72896,23.39307,24.45418
649,70.78443,38.26828,25.75501,23.7785,20.32702
650,48.9426,58.53636,18.26047,27.26319,17.68641
651,62.65664,58.13649,22.33564,27.15989,24.64791
652,57.5417,57.08349,22.59887,20.34923,24.07979
653,60.02329,60.76995,21.5082,18.72417,18.55556
654,58.06223,47.43811,17.10463,31.3137,22.22934
655,70.73036,47.64673,18.13408,37.15138,25.40547
656,51.10358,57.05157,19.90719,24.41186,24.69166
657,61.45828,62.38654,21.81506,24.71815,17.92616
658,57.92736,56.45667,17.08596,27.49851,22.56939
659,60.19854,111.5648,25.53561,31.65318,25.34841
660,61.19165,23.55685,18.18962,33.72852,19.98385
661,59.22557,51.85377,22.40289,23.86287,21.63823
662,69.35967,44.82315,23.17003,24.76241,17.64621
663,49.35371,43.32624,26.04221,27.97156,24.73931
664,61.92717,55.94218,14.88946,28.48792,21.41644
665,59.23679,60.95702,18.85114,27.88739,18.59486
666,58.81108,56.10602,22.08549,23.70533,25.63794
667,60.25621,61.13067,17.32517,23.07401,24.60751
668,70.41014,61.13404,17.48943,28.66964,20.9343
669,50.50964,109.9675,23.08296,34.92901,18.64774
670,59.83044,38.02542,17.70933,23.64413,24.23714
671,59.11458,38.21724,18.10545,24.47825,24.54831
672,60.2475,45.72264,23.5011,28.29647,18.33214
673,60.15797,59.93264,13.8779,29.67879,21.77852
674,71.21696,112.7853,17.39829,34.62376,24.21524
675,51.06705,38.79337,18.59548,22.54685,25.51645
676,58.81246,59.52806,17.47931,23.12829,22.81662
677,60.3595,68.14449,20.49592,30.22363,17.89757
678,60.4584,56.18735,19.32808,28.39618,24.70167
679,59.92725,44.14914,18.41987,26.43831,24.38019
680,59.53125,47.27372,21.47674,23.52321,19.10738
681,71.15057,59.51814,22.08461,23.82949,20.92983
682,50.08389,58.3053,14.51271,27.85515,24.725
683,61.91491,61.57863,17.77424,27.63041,24.02206
684,60.94477,94.84876,18.27883,22.74619,18.40343
685,59.70221,39.61275,17.99118,22.98396,21.90605
686,32.44067,58.28967,17.94507,27.80605,23.89378
687,103.7603,63.53119,24.44026,26.7752,20.58333
688,58.18385,44.43832,20.45584,21.88883,21.04656
689,73.20912,46.73356,18.83722,23.06832,18.79279
690,50.35805,59.96606,25.59574,28.19745,24.07249
691,61.94328,56.06827,23.28506,26.76817,25.50767
692,60.24096,59.93264,15.4857,22.30729,21.26981
693,58.88865,60.00276,18.47592,25.02872,18.13023
694,58.64518,102.4517,23.04625,27.81038,25.04251
695,71.51388,40.23821,18.03931,27.83135,24.46591
696,50.21643,61.9057,21.59986,22.93946,18.13316
697,61.5218,46.73247,20.74147,23.87963,22.53597
698,61.0993,46.01446,25.59659,27.87985,23.56462
699,59.12891,61.88961,21.79428,36.61769,25.76549
700,59.75536,54.51938,18.25577,22.02648,18.1102
701,72.53473,59.70221,24.8973,24.42271,21.18361
702,51.14723,60.74781,17.26919,29.18566,24.23302
703,61.13927,113.7915,18.86853,29.75827,25.72751
704,59.92078,39.00871,17.94024,35.93193,18.14684
705,60.16992,57.82118,24.0126,22.87414,21.8839
706,59.8806,46.80706,17.04086,24.34423,24.4852
707,70.43097,48.88446,18.42812,28.63287,20.33628
708,46.13504,57.94918,22.8944,28.83116,21.09816
709,65.17928,59.63065,17.55704,28.461,18.9357
710,60.08713,55.81292,21.41896,23.68097,25.32986
711,60.26274,58.38802,13.6453,23.50878,22.87021
712,60.60165,62.31966,18.87669,38.69385,21.01021
713,57.94951,112.6672,15.4402,30.85344,18.87038
714,71.32108,38.18178,15.77496,28.92497,25.94922
715,48.14312,45.91389,17.57358,23.67183,24.93815
716,63.14407,49.17388,16.78754,24.80743,22.27692
717,60.31363,58.46791,17.50342,36.4563,17.89024
718,57.0532,56.75852,19.25795,28.61795,25.07083
719,63.36814,58.43887,13.68547,36.18613,25.29334
720,71.56659,61.80393,18.14991,24.82468,21.87676
721,51.47528,59.8036,17.56046,25.78689,18.49807
722,59.86554,61.8433,17.37529,28.49506,25.99773
723,61.46168,46.07679,17.43792,29.34634,24.25307
724,59.20418,48.22554,23.83211,36.14584,22.33589
725,58.90322,98.85526,18.05116,23.86578,17.72252
726,69.67767,37.25921,18.72319,24.71449,26.27403
727,47.75618,58.69337,24.35419,28.98089,24.2396
728,63.69954,56.13121,16.62276,28.78626,22.29659
729,59.22381,60.75814,18.62603,35.75029,18.63818
730,59.65875,58.77547,19.09035,23.25273,25.42052
731,57.50002,59.0493,18.22396,24.08084,24.59934
732,74.54565,47.2925,21.14143,27.84468,21.70219
733,49.89846,44.68475,23.82336,28.64821,22.55661
734,61.96286,62.23473,19.49953,38.92793,20.5598
735,57.03335,57.8369,22.1792,25.71547,25.47038
736,59.86232,114.7895,24.05112,23.59576,21.84002
737,60.77697,38.69939,26.72375,28.61255,18.71058
738,59.42229,61.48662,15.39286,38.4088,24.98701
739,69.95061,57.98211,19.35917,29.10446,25.382
740,48.75314,28.40102,23.74445,24.30228,22.01925
741,62.38108,37.02757,18.42527,23.50933,22.6498
742,58.63108,43.14753,22.51203,29.17502,25.28554
743,60.39851,61.29291,24.19773,36.55772,24.28269
744,59.48344,59.39441,25.17959,23.44858,18.60455
745,71.44031,59.12891,18.37458,23.97823,21.63519
746,49.30845,61.9429,22.4901,27.49715,20.0746
747,60.6925,100.3734,22.52912,27.44712,26.64308
748,59.75179,39.50976,25.32742,27.45526,20.82713
749,58.41053,36.63017,13.86526,24.56713,14.16076
750,61.60139,57.96664,18.54723,22.65652,20.48987
751,70.57462,106.6462,18.2796,28.37958,17.69896
752,49.35834,37.84396,17.89536,29.37453,22.03104
753,57.79913,57.3355,17.44147,23.74158,25.79314
754,63.26871,59.85873,23.15528,23.54077,21.50279
755,58.89316,57.3786,17.42682,35.43059,18.63172
756,58.38325,47.45161,21.13932,27.93507,27.83817
757,61.38472,42.68451,19.53243,28.42371,25.16331
758,71.97507,53.65152,18.33984,24.84571,20.1266
759,49.25041,58.56824,18.24741,24.28021,18.77896
760,64.55486,57.65616,17.30823,27.38578,26.42266
761,57.74139,62.59428,19.51246,36.51394,24.59988
762,57.42902,115.7206,20.48144,24.93324,21.43742
763,59.08838,37.83136,17.10574,24.91007,19.39435
764,72.92297,53.86335,24.17479,27.36098,26.75342
765,46.45394,43.72311,17.0134,28.98122,24.46034
766,66.1774,38.35385,18.03296,35.94226,21.25652
767,57.91662,61.09071,18.68677,23.23355,18.81882
768,59.69223,57.83824,17.81845,25.26982,27.19468
769,59.43572,90.5953,17.58325,29.0339,24.24919
770,78.29198,38.6005,19.38525,38.66169,22.16224
771,47.93335,61.14301,21.00364,29.7335,21.58117
772,62.58566,60.9983,17.59814,24.95097,27.01542
773,60.71166,40.80883,25.15977,23.80567,24.38216
774,59.69864,45.679,17.60489,27.05532,18.28712
775,58.43579,59.92258,21.76174,38.08073,22.57795
776,59.82042,54.86969,17.81413,23.17309,24.50512
777,72.57948,64.13586,20.78449,24.47483,26.69115
778,48.75338,57.31382,17.15542,29.29012,19.10242
779,61.15348,56.31709,17.50841,29.74464,23.35663
780,60.32746,107.2168,24.04598,37.91628,24.3354
781,60.55542,40.71048,17.32949,23.87165,25.99489
782,61.30193,44.82878,17.91254,24.4894,22.06911
783,70.76289,44.39157,22.88948,27.89252,21.99688
784,49.35371,61.92564,16.76365,29.61559,24.9605
785,62.8828,55.61117,14.23749,36.1665,26.53646
786,59.34014,56.24898,20.25612,23.00247,18.76644
787,58.99044,61.1374,16.6177,23.60768,21.8783
788,61.83604,61.96286,18.5968,28.49206,25.15945
789,69.47629,59.07861,23.19238,28.08957,25.16122
790,48.20415,47.88102,17.65013,38.39715,18.90231
791,62.4286,47.15936,22.10643,22.77738,22.4418
792,60.70319,58.68063,22.65647,23.8863,26.58592
793,58.85122,104.2405,20.26535,27.90163,24.82406
794,61.21974,39.5396,22.43969,27.66038,22.2015
795,71.64504,56.61905,16.55213,27.9289,18.35192
796,50.83677,62.84407,21.29789,22.81662,26.31655
797,61.18977,52.70676,17.46987,23.82206,24.45173
798,60.45145,58.31652,19.1974,28.48183,22.20032
799,60.27618,46.13504,22.83241,28.58932,18.38952
800,59.73894,46.53067,17.11104,22.98914,27.52645
801,69.62964,55.61735,22.2462,24.72756,25.29456
802,50.58374,58.48671,22.07954,28.30207,21.66932
803,58.3928,56.68356,20.13624,36.33523,20.68282
804,60.8702,123.6797,22.5932,23.81968,20.88188
805,58.24383,36.80246,14.67375,25.11231,25.44471
806,58.81419,62.30141,21.4503,28.79247,20.82609
807,61.32825,56.85048,19.63186,22.20979,18.40218
808,70.92903,47.18829,17.63227,25.39102,26.21837
809,46.81845,43.80892,19.27094,24.15681,23.44397
810,63.90266,61.82571,21.26158,23.3788,16.85238
811,62.08519,50.85022,17.86745,29.38981,22.38278
812,58.71129,60.15942,23.54259,29.20399,24.08356
813,60.14965,57.27114,18.44049,23.24722,24.5925
814,71.30226,58.09225,16.56748,25.72129,17.16656
815,50.56711,117.2979,19.98325,35.3827,21.45223
816,61.7505,24.36083,17.49757,28.62295,19.42336
817,58.41019,38.72817,17.73131,29.13693,23.98386
818,58.92578,43.86369,23.83427,24.86956,17.25515
819,61.258,56.59502,17.28477,24.95564,20.98966
820,71.07068,57.83991,17.91177,34.63383,25.2252
821,50.53134,58.36587,24.32516,26.3947,20.10907
822,60.67041,57.02555,21.11888,30.07718,19.68923
823,61.65989,57.7634,14.28933,24.85868,18.83023
824,57.53409,45.67795,19.85258,23.35057,23.83665
825,59.76358,42.9581,16.61036,37.40094,17.23434
826,60.03987,57.67146,17.68143,28.69309,16.62571
827,71.26415,56.34819,21.60513,28.09691,23.51138
828,50.90198,57.99287,17.85867,23.18857,17.57503
829,59.51318,64.35379,17.44969,22.0953,21.87762
830,59.65733,101.4672,22.92963,29.3182,25.64556
831,59.47001,38.14581,18.02156,27.5144,26.43538
832,60.70282,58.24044,14.19817,22.22864,17.43254
833,70.4027,46.71435,20.33744,25.09851,22.82006
834,51.17917,49.16373,16.65257,27.97735,24.9501
835,58.79482,58.56996,17.68275,36.46255,26.05015
836,58.1632,60.87057,24.15033,22.6973,18.37438
837,59.84369,58.85295,21.35666,23.64256,22.75872
838,58.11892,60.99309,17.46676,28.44513,25.85095
839,69.78172,99.87316,21.57027,30.14909,26.08977
840,47.99985,40.0016,17.43336,34.31167,20.69023
841,64.83024,57.24983,13.75264,23.42606,17.88112
842,60.50778,45.1117,17.19782,24.12505,26.62981
843,59.04268,47.41381,18.22629,29.12497,24.86906
844,58.82561,59.26628,17.12898,29.1456,17.92436
845,59.23679,55.70969,17.59346,28.04695,21.04342
846,69.50526,57.39375,18.22413,22.87314,26.12828
847,48.53238,59.84727,17.25849,24.08901,26.41519
848,63.28753,60.09038,17.78901,25.98449,18.10269
849,60.82392,59.29721,17.51973,37.05433,20.96115
850,59.55607,101.2177,17.29158,23.97047,25.36873
851,59.76715,39.78484,16.93102,24.26266,24.64402
852,71.71492,47.12114,20.08795,28.58621,18.17376
853,50.62778,53.65152,18.06411,26.81368,20.69524
854,60.37845,58.96957,22.28363,27.8961,25.08523
855,58.23739,60.3934,23.89909,23.16579,19.18348
856,59.26664,61.29329,19.14953,24.70936,21.05813
857,58.62283,63.068,21.89305,28.89063,17.84573
858,59.48203,104.1038,24.35199,38.56507,26.0208
859,70.66289,38.29085,17.83456,23.9715,17.71357
860,50.98685,36.94713,18.73512,21.96508,21.09166
861,61.26362,44.4735,17.3574,30.35749,26.41645
862,58.00901,57.28033,19.8959,28.89489,23.62982
863,59.631,62.42821,17.45892,36.34513,17.32067
864,58.54287,105.4863,20.21374,22.73027,17.62823
865,70.07169,39.48153,19.5098,25.23857,23.79061
866,47.58347,56.24613,22.69298,28.66545,20.56082
867,62.70811,58.40234,17.33817,26.97126,17.95635
868,61.6367,46.6727,18.68401,28.98752,25.24895
869,56.63701,46.85114,17.1335,29.82697,24.65252
870,62.57274,57.61298,17.53863,23.26409,17.71429
871,74.67312,59.85049,19.2848,28.80251,16.95338
872,47.80183,63.99222,17.14498,28.55845,24.38299
873,62.16624,61.46735,21.20603,27.90996,17.66831
874,57.0545,97.9883,19.11063,23.51552,19.87945
875,59.39618,39.87209,21.05933,23.50132,20.57838
876,58.75303,55.88965,17.60808,39.91825,24.90573
877,59.18946,46.01234,17.41002,28.88879,20.14728
878,75.62923,48.10236,15.46695,26.78122,18.9753
879,48.76336,57.83657,17.01111,24.54524,25.78011
880,61.14637,54.42266,22.9734,24.47765,24.15903
881,61.10789,58.87548,17.02841,37.86143,18.24878
882,59.97289,60.04671,17.74144,27.57107,21.18195
883,60.43245,61.94328,23.93536,28.33495,23.3882
884,72.0861,98.29362,17.08733,24.6126,19.34011
885,49.00279,40.11763,17.58687,23.868,21.18779
886,62.42665,41.63163,18.07537,26.79019,17.4635
887,57.93843,37.39366,18.19038,38.87496,24.00695
888,59.23363,57.66846,17.16355,22.43641,18.23699
889,60.28309,58.71267,19.25358,23.29292,20.43106
890,71.5282,101.8434,20.15536,27.4222,20.02022
891,48.96824,39.0442,17.36925,28.38756,24.53964
892,62.41418,34.02518,19.83273,22.91176,20.26264
893,58.44194,45.50833,21.64938,23.33908,17.77114
894,60.76995,46.18276,14.27401,26.58881,24.91094
895,59.77715,49.2155,21.34267,26.25506,24.28605
896,59.28455,56.81721,16.71712,22.52176,18.19674
897,70.31953,58.67099,17.64692,22.9884,20.53009
898,48.9402,59.66053,22.84289,28.44254,21.06598
899,61.50251,103.4501,17.1491,27.20852,24.26902