Frame No.,il2cpp-incremental-csharp-inverse-1500,il2cpp-incremental-frp-inverse-1500,Csharp,FRP
0,804948,3027183,12.42316274,3.303401215
1,461068,1051729,21.68877476,9.508152766
2,18029924,14350195,0.5546335082,0.696854642
3,1145758,1059217,8.727846544,9.440936088
4,824798,1008365,12.12418071,9.917043928
5,486811,2616777,20.541853,3.821494915
6,474779,1184219,21.06243115,8.44438402
7,368196,938977,27.15944769,10.64988812
8,480163,777688,20.82626108,12.85862711
9,461665,682800,21.66072802,14.64557704
10,353784,642408,28.26583452,15.5664313
11,238630,552797,41.90587939,18.08982321
12,393342,550731,25.42316864,18.15768497
13,357852,499864,27.94451337,20.00544148
14,228946,440162,43.67842199,22.71890804
15,442742,461674,22.58651766,21.66030576
16,311405,464422,32.11252228,21.53214103
17,398328,389003,25.10493864,25.70674262
18,362984,482804,27.54942367,20.71233875
19,236168,329809,42.34273907,30.32057949
20,243254,339728,41.10929317,29.43531296
21,379808,392446,26.32909259,25.4812127
22,467506,458292,21.39009981,21.8201496
23,414321,359299,24.13587532,27.83197281
24,368601,329790,27.12960627,30.32232633
25,368578,414998,27.13129921,24.09650167
26,408070,426615,24.50559953,23.44033848
27,398091,338547,25.11988465,29.5379962
28,418693,245153,23.88384807,40.79085306
29,336793,476617,29.69182851,20.98120713
30,408349,467613,24.48885635,21.38520529
31,383960,458884,26.04437962,21.79199972
32,295305,530030,33.86329388,18.86685659
33,369124,381300,27.0911672,26.22606871
34,439104,403787,22.77364816,24.76553232
35,395879,439211,25.26024366,22.76810007
36,399835,366334,25.01031676,27.29749354
37,325205,456010,30.74983472,21.92934365
38,349730,568893,28.5934864,17.57799797
39,292627,398086,34.17319659,25.12020016
40,502985,422551,19.88130859,23.66578236
41,317973,516202,31.4492111,19.37226125
42,337969,413365,29.58851256,24.19169499
43,244303,552447,40.9327761,18.10128392
44,393836,352651,25.39127962,28.35664722
45,376822,591454,26.53772869,16.90748562
46,332151,482136,30.10678878,20.74103572
47,224929,479146,44.45847356,20.87046537
48,427618,434975,23.38535796,22.989827
49,507423,539725,19.70742359,18.52795405
50,428168,639767,23.35531847,15.63069055
51,413309,420829,24.19497277,23.76262092
52,423246,657239,23.62692146,15.21516526
53,566336,504670,17.65736241,19.81492857
54,406647,371597,24.59135319,26.91087388
55,374797,576679,26.68111004,17.34066959
56,338944,415572,29.50339879,24.06321889
57,387295,479953,25.82011128,20.83537346
58,463568,446120,21.57180824,22.41549359
59,308577,463648,32.40682228,21.56808613
60,350150,602230,28.55918892,16.6049516
61,383675,422369,26.06372581,23.67598001
62,303683,568911,32.92907407,17.57744181
63,317941,427581,31.45237638,23.38738157
64,232117,509779,43.08172172,19.61634355
65,361720,439388,27.6456928,22.75892833
66,412232,514038,24.25818471,19.4538147
67,398674,509344,25.08315064,19.63309669
68,222348,440373,44.97454441,22.70802252
69,347206,589098,28.8013456,16.97510431
70,248330,456981,40.2689969,21.88274786
71,395884,708600,25.25992462,14.11233418
72,360208,621139,27.76173766,16.099456
73,303544,544880,32.94415307,18.35266481
74,316182,608021,31.62735387,16.44680036
75,239633,514420,41.73047952,19.43936861
76,408993,660141,24.45029622,15.14827893
77,397167,595186,25.17832549,16.80147046
78,391060,701686,25.57152355,14.2513888
79,351932,754152,28.41458009,13.25992638
80,308759,795142,32.38771987,12.57637001
81,500471,619660,19.98117773,16.13788206
82,506261,831745,19.75265723,12.02291568
83,443634,740581,22.5411037,13.5029119
84,366096,833546,27.31523972,11.99693838
85,381086,908797,26.24079604,11.00355745
86,451276,930053,22.15938805,10.75207542
87,325755,941781,30.69791715,10.61817981
88,339196,872432,29.48147973,11.46221138
89,391942,1022668,25.51397911,9.778344487
90,400470,1039230,24.97065948,9.622508973
91,316583,1022193,31.58729306,9.782888359
92,319723,1128328,31.27707422,8.862671138
93,324379,1109574,30.82813622,9.012467848
94,273415,2744545,36.57443813,3.643591196
95,395950,1093367,25.25571411,9.146059832
96,320255,1132905,31.22511748,8.826865448
97,229221,1139100,43.6260203,8.778860504
98,254870,1148641,39.23568878,8.705940324
99,445803,1051868,22.43143272,9.506896303
100,359271,1173447,27.83414192,8.521901713
101,324463,1154715,30.82015515,8.660145577
102,224630,1050277,44.51765125,9.521297715
103,253536,1083536,39.44213051,9.22904269
104,384235,1106546,26.02573946,9.037129952
105,453706,950906,22.04070477,10.51628657
106,431611,961973,23.16901098,10.39530216
107,351872,1252855,28.41942525,7.981769638
108,442850,1195215,22.58100937,8.366695532
109,416164,1129942,24.02898857,8.850011771
110,376066,951065,26.5910771,10.51452845
111,484758,1142758,20.62884986,8.750759128
112,459640,1241298,21.75615699,8.056083229
113,397116,1106061,25.18155904,9.04109267
114,338011,1129387,29.584836,8.854360817
115,251268,986591,39.79814381,10.13591245
116,395893,1102217,25.25935038,9.07262363
117,455586,997723,21.94975263,10.02282197
118,337801,1116017,29.60322794,8.960436983
119,341393,1105762,29.29175466,9.043537398
120,265811,1032306,37.62071547,9.687050158
121,412707,1172611,24.23026505,8.527977309
122,469848,1255733,21.28347891,7.963476312
123,341099,1257315,29.31700181,7.953456373
124,357848,1181825,27.94482574,8.461489645
125,340931,1091160,29.3314483,9.164558818
126,299163,1047446,33.42659353,9.547031541
127,485607,1196161,20.59278388,8.360078618
128,333415,983601,29.9926518,10.16672411
129,380581,1121321,26.27561544,8.918052904
130,395460,1142772,25.28700754,8.750651924
131,419617,1029349,23.83125565,9.714878044
132,475591,999944,21.02647022,10.00056003
133,343619,1119394,29.1019996,8.933405039
134,395740,1153255,25.26911609,8.671109165
135,405093,1184918,24.68568946,8.439402558
136,435180,1169430,22.9789972,8.551174504
137,458595,1306748,21.80573273,7.65258489
138,345098,1337129,28.97727602,7.478709982
139,404282,1107488,24.73520958,9.029443208
140,373514,1173363,26.77275818,8.522511789
141,335687,1214342,29.78965524,8.234912405
142,436188,1316830,22.92589434,7.593994669
143,333505,1183831,29.98455795,8.447151663
144,408028,1305194,24.50812199,7.661696269
145,397648,1380553,25.14786947,7.243474173
146,425612,1035913,23.49557813,9.653320308
147,376798,1120486,26.539419,8.924698747
148,416421,1151188,24.01415875,8.686678457
149,399458,1095582,25.03392096,9.127568726
150,409142,1204812,24.44139199,8.300050132
151,351694,1223761,28.43380894,8.171530225
152,391867,1086345,25.51886227,9.205178834
153,414573,1061955,24.12120423,9.416594865
154,260842,1206090,38.33738432,8.291255213
155,462771,1327108,21.60895994,7.535181764
156,337866,1166243,29.59753275,8.574542355
157,455348,1279046,21.96122526,7.818327097
158,402859,1185315,24.82258061,8.436575931
159,506070,1299032,19.76011224,7.698039771
160,472237,1137976,21.17580791,8.787531547
161,446946,1071141,22.37406756,9.335839073
162,450538,1125081,22.19568605,8.888248935
163,486303,1109480,20.56331135,9.013231424
164,425332,1144130,23.51104549,8.740265529
165,445989,1234506,22.42207767,8.100406154
166,485020,1166196,20.61770649,8.574887926
167,432679,1125893,23.11182193,8.881838683
168,373878,1136488,26.74669277,8.799037033
169,427454,1158447,23.39433015,8.632246447
170,554276,1046849,18.04155331,9.55247605
171,450291,969754,22.20786114,10.31189353
172,389931,1067474,25.64556293,9.367909663
173,535922,1277166,18.65943178,7.829835746
174,505383,1117285,19.78697344,8.950267837
175,394023,1036142,25.37922913,9.651186806
176,433085,1099945,23.09015551,9.091363659
177,431331,996500,23.18405123,10.03512293
178,506316,1094193,19.75051154,9.139155524
179,375137,1113651,26.656928,8.979473821
180,561102,988742,17.82207157,10.11386186
181,633894,1009573,15.77550821,9.905177734
182,601788,1165469,16.61714757,8.580236797
183,484759,1134318,20.6288073,8.815869976
184,475325,1103023,21.038237,9.065994091
185,585566,1071939,17.07749425,9.328889051
186,425411,1423190,23.50667942,7.026468708
187,536156,1121522,18.65128806,8.916454604
188,503229,1044725,19.87166876,9.571896911
189,470683,950011,21.24572164,10.52619391
190,405033,1098904,24.6893463,9.099975976
191,503634,1090464,19.85568885,9.170408193
192,506340,936873,19.74957538,10.67380531
193,407519,1138900,24.53873316,8.780402142
194,478520,1058642,20.89776812,9.44606392
195,516953,1013907,19.34411832,9.862837519
196,426498,894699,23.4467688,11.17694331
197,481372,1015965,20.77395445,9.84285876
198,462626,1017900,21.61573279,9.824147755
199,515027,919551,19.41645778,10.87487263
200,511873,1109471,19.53609587,9.013304539
201,402616,1077710,24.83756234,9.278934036
202,494863,1086280,20.20761302,9.205729646
203,521819,960797,19.16373302,10.40802584
204,451010,1039832,22.17245737,9.616938121
205,545286,1052265,18.33900008,9.503309528
206,406092,952554,24.62496183,10.4980925
207,558862,1163822,17.89350502,8.592379247
208,501974,1092298,19.92135051,9.155010812
209,505514,1115279,19.7818458,8.966366264
210,465980,1046391,21.4601485,9.55665712
211,614090,892889,16.28425801,11.1996004
212,585315,730396,17.08481758,13.69120313
213,607810,844411,16.45250983,11.84257429
214,647064,887463,15.45442182,11.2680754
215,562645,946251,17.77319624,10.56802054
216,638014,802512,15.67363726,12.46087286
217,562744,755635,17.77006952,13.23390261
218,639418,788614,15.63922192,12.68047486
219,492899,1102090,20.28813205,9.07366912
220,526326,856383,18.99963141,11.67701834
221,613670,855324,16.29540307,11.69147598
222,486302,1017079,20.56335364,9.832077941
223,647335,819140,15.44795199,12.20792539
224,521423,850920,19.17828711,11.75198609
225,489950,766254,20.41024594,13.05050284
226,527012,1013100,18.9749,9.87069391
227,536981,935198,18.62263283,10.69292278
228,514332,1009983,19.4426946,9.901156752
229,542832,955232,18.42190586,10.46866102
230,556646,912562,17.96473881,10.95815956
231,514183,1087152,19.44832871,9.198345769
232,610559,817017,16.37843353,12.2396474
233,545468,1115886,18.33288112,8.961488898
234,529676,964104,18.87946594,10.37232498
235,570427,928634,17.53072698,10.76850514
236,645114,1051290,15.50113623,9.512123201
237,514472,983923,19.43740378,10.16339693
238,640626,1075349,15.60973173,9.299306551
239,566807,968383,17.64268966,10.32649272
240,632238,845186,15.81682847,11.83171515
241,561013,1045145,17.82489889,9.568050366
242,669257,875142,14.94194308,11.42671704
243,522720,870883,19.13070095,11.4825987
244,670018,896187,14.92497216,11.15838547
245,559809,851857,17.8632355,11.73905949
246,622422,1034491,16.06627015,9.666589656
247,563588,790401,17.74345799,12.65180586
248,696838,807122,14.35053771,12.38970069
249,643001,836061,15.55207535,11.96084975
250,686645,897195,14.56356633,11.14584901
251,670083,940489,14.9235244,10.63276657
252,681401,953902,14.67564621,10.48325719
253,751287,1113828,13.31049253,8.97804688
254,827005,982444,12.09182532,10.17869721
255,743216,878174,13.45503864,11.38726494
256,731544,883335,13.66971775,11.32073336
257,743772,1210465,13.44498045,8.261288017
258,769864,1340940,12.9893072,7.457455218
259,815747,998194,12.25870276,10.01809268
260,920223,923330,10.86693117,10.83036401
261,838827,821957,11.9214093,12.16608655
262,973412,1052545,10.27314231,9.500781439
263,1027278,779904,9.73446331,12.82209092
264,976682,953678,10.2387471,10.4857195
265,865676,1049363,11.55166598,9.529590809
266,969227,896784,10.31750044,11.1509572
267,876705,953183,11.40634535,10.49116487
268,811325,1057369,12.3255169,9.457436335
269,801038,931545,12.48380227,10.73485446
270,776722,941702,12.87461923,10.61907058
271,807924,942877,12.37740183,10.60583724
272,690526,950524,14.48171394,10.5205129
273,714208,1176488,14.00152337,8.499874202
274,713853,931247,14.00848634,10.73828963
275,789566,1243958,12.66518568,8.038856617
276,617705,989111,16.18895751,10.11008876
277,780464,958105,12.81289079,10.4372694
278,608085,996916,16.44506936,10.0309354
279,711254,1124325,14.05967488,8.894225424
280,669309,1066075,14.94078221,9.380203081
281,740720,1018885,13.50037801,9.814650329
282,715458,1022411,13.97706085,9.780802437
283,777451,1011383,12.86254696,9.887451144
284,786216,1012805,12.71915097,9.87356895
285,851997,998526,11.73713053,10.01476176
286,751138,1195555,13.31313287,8.364316154
287,821682,1120486,12.17015829,8.924698747
288,817442,1003867,12.23328383,9.961478961
289,842022,1043298,11.87617426,9.58498914
290,658429,1033408,15.1876664,9.676720134
291,722540,947454,13.84006422,10.55460212
292,742862,1142282,13.46145044,8.754405655
293,533987,1002817,18.72704766,9.971909132
294,649751,1072503,15.39051113,9.323983243
295,632826,1190106,15.80213202,8.402612877
296,543947,937872,18.38414404,10.66243581
297,549354,992614,18.20319867,10.07440959
298,634328,866763,15.76471478,11.53717914
299,482029,1112019,20.74563979,8.992652104
300,704215,1097188,14.20020874,9.114208322
301,598685,1024114,16.70327468,9.764537932
302,617976,1011378,16.1818582,9.887500025
303,542025,993398,18.44933352,10.06645876
304,665366,906735,15.02932221,11.02858057
305,501143,884305,19.95438428,11.30831557
306,616731,830458,16.21452465,12.04154816
307,653199,1039907,15.30927022,9.61624453
308,555359,925103,18.00637065,10.80960715
309,627726,1058442,15.93051746,9.447848819
310,545561,1108235,18.32975598,9.023356959
311,513851,986208,19.46089431,10.13984879
312,494378,898040,20.22743731,11.13536145
313,526960,965210,18.97677243,10.3604397
314,446614,1137388,22.3906998,8.792074472
315,524017,1026722,19.08335035,9.739734807
316,519524,1068985,19.24838891,9.354668213
317,483517,1016632,20.68179609,9.836400979
318,390384,886526,25.61580393,11.27998502
319,536221,920955,18.64902717,10.85829384
320,512573,934797,19.50941622,10.69750973
321,504880,933370,19.80668674,10.71386481
322,472497,1114458,21.16415554,8.972971615
323,640761,987160,15.60644296,10.1300701
324,503359,950981,19.86653661,10.5154572
325,437750,937876,22.84408909,10.66239034
326,541246,921183,18.47588712,10.85560632
327,508981,1061143,19.64709881,9.423800562
328,465351,1684018,21.4891555,5.938178808
329,479202,1149672,20.86802643,8.698133033
330,504436,895006,19.8241204,11.17310945
331,534304,948564,18.71593699,10.54225123
332,510152,984277,19.60200097,10.15974162
333,523079,1149084,19.11757115,8.702583971
334,608701,858730,16.42842709,11.64510382
335,444254,971779,22.50964538,10.29040553
336,446144,909997,22.41428776,10.98904722
337,553389,976682,18.07047122,10.2387471
338,479818,995437,20.84123564,10.04583916
339,385088,949595,25.96809041,10.53080524
340,617089,1064348,16.2051179,9.395423301
341,446722,1001227,22.3852866,9.987745037
342,483969,1160850,20.66248045,8.614377396
343,541955,1149341,18.45171647,8.700638018
344,610068,1270979,16.39161536,7.867950611
345,577458,1033860,17.31727675,9.672489505
346,603672,981017,16.56528711,10.19350327
347,554332,915017,18.0397307,10.9287587
348,633302,958123,15.79025489,10.43707332
349,418940,1021619,23.86976655,9.788384907
350,633675,981880,15.78096027,10.18454394
351,499664,1002028,20.01344904,9.979761045
352,445350,1021367,22.45424947,9.790799977
353,567147,1081689,17.63211301,9.244801417
354,507963,956356,19.68647323,10.45635726
355,510660,928373,19.58250108,10.77153256
356,524777,1211422,19.05571319,8.254761759
357,441077,860703,22.6717784,11.6184096
358,482327,995712,20.73282234,10.04306466
359,470440,1080691,21.25669586,9.253338836
360,567306,1022645,17.62717123,9.778564409
361,526415,1025103,18.99641917,9.755117291
362,446149,891783,22.41403657,11.21349028
363,600953,971476,16.64023642,10.29361508
364,505986,847365,19.76339266,11.80128988
365,485924,906063,20.57934986,11.03676014
366,528192,1052778,18.93250939,9.498678734
367,603560,940713,16.56836106,10.63023473
368,432073,977527,23.1442372,10.22989646
369,582715,720380,17.16104785,13.88156251
370,639199,952492,15.64458017,10.49877584
371,538064,952259,18.58514972,10.5013447
372,668986,934946,14.94799592,10.69580489
373,612061,872147,16.3382408,11.465957
374,610680,1384323,16.37518831,7.223747637
375,645352,1367696,15.49541955,7.311566313
376,564750,963051,17.70694998,10.38366608
377,628772,852100,15.90401608,11.73571177
378,551435,982790,18.13450361,10.17511371
379,658793,969139,15.17927483,10.31843729
380,587759,881174,17.01377605,11.34849644
381,659203,801099,15.16983388,12.48285168
382,801472,897121,12.47704224,11.14676838
383,559356,907528,17.87770221,11.01894377
384,731670,796135,13.6673637,12.5606838
385,735757,915842,13.59144391,10.91891396
386,674380,915310,14.82843501,10.92526029
387,876444,962892,11.40974209,10.38538071
388,674072,1128636,14.83521048,8.860252553
389,821388,1067045,12.17451436,9.371675984
390,642908,982957,15.55432504,10.173385
391,634398,1026709,15.76297529,9.739858129
392,657897,1117267,15.19994771,8.950412032
393,678420,1036822,14.74013148,9.644857073
394,613003,950328,16.31313387,10.52268269
395,568972,825750,17.57555732,12.11020285
396,657794,1048658,15.20232778,9.535997437
397,499724,933556,20.0110461,10.7117302
398,640122,796746,15.62202205,12.5510514
399,525290,1086555,19.03710331,9.203399736
400,491668,956477,20.33892789,10.45503447
401,536646,1039995,18.63425797,9.615430843
402,601363,817563,16.62889137,12.23147329
403,434391,1175345,23.02073478,8.508140163
404,631878,1004973,15.8258398,9.950516084
405,504385,916850,19.82612488,10.90690953
406,525155,956309,19.04199712,10.45687116
407,523378,973398,19.1066495,10.27329006
408,628049,1012479,15.92232453,9.876748061
409,476253,884253,20.99724306,11.30898057
410,462113,1053935,21.63972881,9.488251173
411,623845,980121,16.02962274,10.2028219
412,400489,876771,24.96947482,11.40548672
413,623160,1028500,16.04724308,9.722897423
414,502379,771231,19.90529063,12.96628377
415,531313,1026060,18.82129743,9.746018751
416,525837,824533,19.01730004,12.12807735
417,634809,803572,15.75276973,12.4444356
418,492662,731259,20.29789186,13.67504537
419,570632,893159,17.52442905,11.19621478
420,536949,1180006,18.62374266,8.47453318
421,579413,794161,17.25884645,12.59190517
422,533250,861421,18.75293015,11.60872558
423,460643,758103,21.70878533,13.19081972
424,504903,889996,19.80578448,11.23600556
425,520699,880624,19.20495334,11.35558422
426,580593,1022234,17.22376949,9.782495984
427,434685,785755,23.00516466,12.72661326
428,601283,786249,16.63110382,12.71861713
429,516748,880119,19.35179236,11.3620999
430,552633,702656,18.09519156,14.23171509
431,529317,895604,18.89227061,11.1656491
432,602137,772094,16.60751623,12.95179084
433,496846,1096147,20.12696087,9.122863995
434,452820,948877,22.08383022,10.53877373
435,627460,928764,15.9372709,10.76699786
436,476911,1568001,20.96827291,6.377546953
437,537845,798869,18.59271723,12.51769689
438,560681,858912,17.83545367,11.64263627
439,499617,821841,20.01533174,12.16780375
440,541689,738505,18.46077731,13.54086973
441,633740,675480,15.77934169,14.80428732
442,483182,899751,20.6961352,11.11418604
443,550749,963853,18.15709152,10.37502607
444,531243,935324,18.82377744,10.69148231
445,494406,846613,20.22629175,11.81177232
446,532228,1090092,18.78894008,9.173537646
447,532960,894335,18.76313419,11.18149239
448,523587,837059,19.0990227,11.94658919
449,644923,903904,15.50572704,11.06312175
450,770863,854736,12.97247371,11.69951892
451,591351,727975,16.91043052,13.73673546
452,699652,817535,14.29281986,12.23189221
453,755579,830873,13.23488345,12.03553371
454,542122,685227,18.44603244,14.59370398
455,714903,813653,13.98791165,12.2902515
456,706729,1244793,14.14969529,8.033464198
457,546733,892119,18.29046354,11.20926693
458,669975,958469,14.92593007,10.43330562
459,636983,949689,15.6990061,10.5297629
460,522957,747891,19.12203107,13.3709324
461,549816,947813,18.18790286,10.55060439
462,648628,886949,15.41715745,11.27460542
463,521750,732313,19.16626737,13.65536321
464,635872,887799,15.72643551,11.26381084
465,585986,744886,17.06525412,13.42487307
466,605100,1021362,16.52619402,9.790847907
467,535335,973262,18.67989203,10.27472561
468,652266,772426,15.33116857,12.94622397
469,519109,815006,19.26377697,12.26984832
470,621447,707629,16.09147683,14.13169896
471,565963,915562,17.66899956,10.92225322
472,530446,804518,18.85206034,12.42980269
473,542286,972881,18.44045393,10.27874941
474,607307,802611,16.46613657,12.45933584
475,489386,715523,20.43376803,13.97579113
476,451312,861319,22.15762045,11.61010032
477,603756,722054,16.5629824,13.84937969
478,396868,897937,25.19729482,11.13663876
479,651608,860763,15.34665013,11.61759973
480,490683,714683,20.37975638,13.99221753
481,443773,816293,22.53404331,12.25050319
482,620566,804146,16.11432144,12.43555275
483,515871,962827,19.38469113,10.38608182
484,531099,915469,18.82888124,10.92336278
485,511472,718742,19.55141239,13.91319834
486,522981,897689,19.12115354,11.13971542
487,541713,765769,18.45995943,13.05876838
488,640071,879271,15.62326679,11.37305791
489,559935,822508,17.8592158,12.15793646
490,618843,921184,16.15918739,10.85559454
491,539730,927990,18.52778241,10.77597819
492,632728,788036,15.80457953,12.68977559
493,498493,871349,20.06046223,11.47645777
494,574108,645100,17.41832547,15.50147264
495,557584,855492,17.93451749,11.68918003
496,586541,979332,17.04910654,10.21104181
497,522318,885700,19.14542482,11.29050469
498,542095,840371,18.44695118,11.89950629
499,490054,960592,20.40591445,10.41024701
500,639511,764662,15.63694761,13.07767353
501,514709,922159,19.42845375,10.8441169
502,424188,923908,23.57445284,10.8235885
503,636236,835981,15.71743818,11.96199435
504,521600,886954,19.17177914,11.27454186
505,534033,737497,18.72543457,13.55937719
506,540466,799372,18.5025515,12.50982021
507,668679,751199,14.95485876,13.3120518
508,517322,910705,19.33032038,10.98050411
509,649598,768806,15.39413607,13.00718257
510,543256,1065346,18.40752794,9.386621811
511,541740,948335,18.45903939,10.54479693
512,525911,966690,19.01462415,10.34457789
513,614086,744149,16.28436408,13.43816897
514,490225,835305,20.39879647,11.97167502
515,470833,853714,21.23895309,11.71352467
516,611388,1025090,16.35622551,9.755241003
517,485281,877545,20.60661761,11.39542702
518,572624,854875,17.46346643,11.69761661
519,556455,971508,17.9709051,10.29327602
520,611328,807603,16.35783082,12.38232151
521,540322,1019832,18.50748258,9.805536598
522,652877,873677,15.31682078,11.4458776
523,537896,719605,18.59095439,13.89651267
524,647433,895921,15.44561368,11.16169841
525,589621,742847,16.96004722,13.46172227
526,660677,830808,15.1359893,12.03647533
527,624260,744909,16.01896646,13.42445856
528,571748,804486,17.49022297,12.43029711
529,607395,855231,16.46375094,11.69274734
530,552983,940120,18.08373856,10.63693997
531,639959,888504,15.62600104,11.25487336
532,503732,830611,19.85182597,12.03933008
533,554318,1079137,18.04018632,9.26666401
534,553460,819667,18.06815307,12.20007637
535,492306,874330,20.31256982,11.43732915
536,671739,674721,14.88673428,14.8209408
537,551216,641457,18.14170851,15.58950951
538,600248,866581,16.65978062,11.53960218
539,555078,796522,18.01548611,12.55458104
540,729705,909638,13.70416812,10.99338418
541,541582,837269,18.46442459,11.9435928
542,681177,850607,14.68047218,11.75631049
543,562394,846973,17.78112853,11.80675181
544,689733,1074747,14.49836386,9.304515388
545,654892,1028901,15.26969332,9.719108058
546,655196,1008602,15.26260844,9.914713633
547,556870,887962,17.95751253,11.26174318
548,667298,848387,14.98580844,11.78707359
549,603238,961525,16.57720502,10.4001456
550,686155,687312,14.57396652,14.54943315
551,791171,916504,12.6394926,10.91102712
552,688408,652378,14.52626931,15.32853652
553,730807,759018,13.68350331,13.17491812
554,678602,654818,14.7361782,15.27141893
555,728273,823473,13.73111457,12.14368899
556,808960,736755,12.36155063,13.5730331
557,695593,893229,14.37622288,11.19533737
558,771442,879933,12.96273732,11.36450162
559,829231,644498,12.05936585,15.51595195
560,691809,723524,14.45485676,13.82124159
561,810392,729305,12.3397072,13.71168441
562,800740,585133,12.48844819,17.09013165
563,726948,913085,13.75614212,10.9518829
564,830066,711464,12.0472348,14.05552495
565,749472,993804,13.34272661,10.0623463
566,770900,904370,12.97185108,11.05742119
567,878189,1131230,11.38707044,8.839935292
568,899075,837674,11.12254261,11.93781829
569,687317,882714,14.54932731,11.32869763
570,797744,882853,12.53534969,11.32691399
571,812982,660691,12.30039533,15.13566857
572,671623,649897,14.88930546,15.38705364
573,668142,754726,14.9668783,13.24984166
574,683300,746818,14.63486024,13.39014325
575,680328,774502,14.69879235,12.9115225
576,688997,691805,14.51385129,14.45494034
577,637459,801868,15.68728342,12.47088049
578,660123,646584,15.14869199,15.46589461
579,549461,754250,18.19965384,13.25820351
580,621956,654510,16.07830779,15.27860537
581,550926,776200,18.15125806,12.88327751
582,623331,682968,16.0428408,14.64197444
583,559407,634748,17.87607234,15.75428359
584,448500,790695,22.29654404,12.6471016
585,645437,546494,15.4933789,18.29846256
586,514752,692808,19.42683078,14.43401346
587,556077,670241,17.98312104,14.92000639
588,428560,683734,23.33395557,14.62557076
589,599511,701634,16.68026108,14.25244501
590,393971,691921,25.38257892,14.45251698
591,621289,810317,16.09556905,12.34084932
592,516603,635914,19.35722402,15.72539683
593,408443,672047,24.48322042,14.87991167
594,487469,825274,20.514125,12.11718775
595,491369,602413,20.35130421,16.59990737
596,371680,835929,26.9048644,11.96273846
597,454027,869455,22.02512185,11.50145781
598,431102,693848,23.19636652,14.4123785
599,425966,779526,23.47605208,12.82830848
600,413169,833635,24.2031711,11.99565757
601,360801,609845,27.71610943,16.39760923
602,418045,854848,23.92086976,11.69798607
603,551888,632831,18.11961847,15.80200717
604,379541,886147,26.34761462,11.28480941
605,390295,694865,25.62164517,14.39128464
606,411695,624797,24.28982621,16.00519849
607,568389,818799,17.59358468,12.21300954
608,384598,681233,26.00117525,14.67926539
609,391527,735565,25.54102271,13.59499161
610,478493,621900,20.89894732,16.07975559
611,423222,625370,23.62826129,15.9905336
612,369595,823203,27.05664308,12.14767196
613,426433,640164,23.45034273,15.62099712
614,412996,765041,24.21330957,13.07119488
615,497014,574794,20.12015758,17.3975372
616,443577,699185,22.54400025,14.30236633
617,388966,578498,25.70918795,17.28614446
618,414383,562669,24.13226411,17.77243815
619,416944,725609,23.98403623,13.78152697
620,465896,637836,21.46401772,15.67801128
621,377755,569084,26.47218435,17.57209832
622,503457,729719,19.8626695,13.7039052
623,494700,722376,20.21427128,13.84320631
624,372707,684937,26.83072762,14.59988291
625,385629,637626,25.9316597,15.68317478
626,485463,696685,20.59889219,14.35368926
627,458418,736690,21.81415215,13.57423068
628,414770,686299,24.10974757,14.5709086
629,470440,883614,21.25669586,11.31715885
630,560205,611538,17.85060826,16.3522136
631,457009,796704,21.88140715,12.55171306
632,465612,668156,21.4771097,14.96656469
633,451956,865223,22.12604767,11.55771402
634,452586,812687,22.0952482,12.3048603
635,537495,785596,18.60482423,12.72918905
636,488462,834227,20.4724216,11.98714499
637,465467,826459,21.48380014,12.09981378
638,514541,822881,19.43479723,12.15242544
639,442883,629570,22.57932682,15.88385724
640,545136,737613,18.34404626,13.55724479
641,404888,589559,24.69818814,16.96183079
642,527399,610301,18.96097641,16.38535739
643,498176,658163,20.07322713,15.19380457
644,403648,599310,24.77406057,16.6858554
645,470455,647115,21.25601811,15.45320384
646,497616,836494,20.09581685,11.95465837
647,412880,639162,24.22011238,15.64548581
648,465127,600584,21.49950444,16.65046022
649,427571,620612,23.38792855,16.11312704
650,442453,585809,22.60127064,17.07041032
651,474074,678662,21.0937533,14.73487539
652,357638,578867,27.96123454,17.27512537
653,377331,698224,26.50193067,14.32205138
654,482780,638149,20.71336841,15.67032151
655,457839,724802,21.84173913,13.79687142
656,389352,606187,25.6837001,16.49655964
657,371255,766002,26.93566417,13.0547962
658,477704,656265,20.93346507,15.23774695
659,396070,714021,25.24806221,14.00519032
660,422822,638186,23.65061421,15.66941299
661,462906,719689,21.60265799,13.89489071
662,406092,631972,24.62496183,15.82348585
663,526275,568827,19.00147261,17.58003752
664,359826,680767,27.7912102,14.68931367
665,451733,643267,22.13697029,15.54564434
666,432087,762003,23.14348731,13.12330791
667,415931,617052,24.04244935,16.2060896
668,434727,593800,23.00294208,16.8406871
669,350831,706020,28.50375252,14.16390471
670,404744,606952,24.70697527,16.47576744
671,491561,634328,20.34335515,15.76471478
672,428574,694562,23.33319333,14.39756278
673,358053,716694,27.92882618,13.95295621
674,521605,710265,19.17159536,14.07925211
675,395959,495983,25.25514005,20.16198136
676,377708,554528,26.47547841,18.03335449
677,467777,573959,21.37770775,17.42284728
678,479729,670680,20.84510213,14.91024035
679,417946,561624,23.92653596,17.80550689
680,465500,578452,21.48227712,17.2875191
681,359135,650960,27.84468236,15.361927
682,440027,602707,22.72587818,16.59180995
683,412493,785997,24.24283564,12.72269487
684,464170,668325,21.54383092,14.96278008
685,433081,666943,23.09036878,14.99378508
686,423731,657458,23.59987822,15.21009707
687,476804,547320,20.97297841,18.27084704
688,369007,671669,27.09975692,14.88828575
689,369278,619217,27.07986937,16.14942742
690,480657,691656,20.80485669,14.45805429
691,490725,605800,20.37801212,16.50709805
692,369277,608547,27.0799427,16.4325845
693,375310,642431,26.64464043,15.565874
694,492694,623915,20.29657353,16.0278243
695,417927,771637,23.92762372,12.95946151
696,401389,540850,24.91348791,18.48941481
697,432096,758812,23.14300526,13.17849481
698,482860,658229,20.70993663,15.19228111
699,401025,489731,24.93610124,20.41937308
700,431065,677524,23.19835756,14.75962475
701,394419,522571,25.35374817,19.13615566
702,468397,669878,21.34941086,14.92809138
703,431658,642599,23.16648828,15.56180448
704,476184,711017,21.0002856,14.06436133
705,412320,582058,24.25300737,17.18041845
706,441021,719932,22.67465722,13.89020074
707,505780,597985,19.77144213,16.7228275
708,427534,706444,23.38995261,14.15540368
709,364944,721985,27.40146433,13.85070327
710,421110,566695,23.7467645,17.64617651
711,474616,698625,21.06966474,14.31383074
712,363190,921002,27.53379774,10.85773972
713,384571,1024446,26.00300075,9.761373464
714,487501,672663,20.51277844,14.8662852
715,396034,959369,25.25035729,10.42351796
716,378301,671847,26.43397718,14.88434123
717,374023,750657,26.7363237,13.32166356
718,455418,629364,21.95784971,15.88905625
719,386474,727821,25.87496183,13.73964203
720,348788,671385,28.67071115,14.89458358
721,339755,925518,29.43297376,10.80476015
722,474887,656288,21.05764108,15.23721293
723,416924,619544,23.98518675,16.14090363
724,378875,782559,26.3939294,12.77858922
725,392264,647876,25.4930353,15.43505239
726,487291,746473,20.5216185,13.39633182
727,481922,625296,20.75024589,15.99242599
728,432660,625706,23.11283687,15.98194679
729,490049,596408,20.40612265,16.76704538
730,567740,563024,17.61369641,17.7612322
731,482257,697146,20.73583172,14.34419763
732,618760,707429,16.16135497,14.13569418
733,545188,790051,18.3422966,12.65741072
734,637589,541493,15.68408489,18.46745941
735,495848,604568,20.16747068,16.54073653
736,442533,610297,22.59718484,16.38546478
737,599879,657155,16.67002846,15.21711012
738,369408,659190,27.07033957,15.17013304
739,425159,765619,23.52061229,13.06132685
740,557318,567259,17.94307738,17.62863172
741,351265,780339,28.46853515,12.81494325
742,372063,686481,26.87716865,14.56704556
743,484446,746832,20.64213555,13.38989224
744,405103,602175,24.68508009,16.60646822
745,360386,596982,27.74802573,16.75092381
746,335608,913085,29.79666754,10.9518829
747,389507,615410,25.67347955,16.24932972
748,482532,728815,20.72401416,13.72090311
749,319816,650512,31.26797909,15.37250658
750,360805,594342,27.71580216,16.82532952
751,377750,660267,26.47253475,15.14538815
752,470944,563369,21.23394714,17.75035545
753,369236,687690,27.08294966,14.54143582
754,372236,569531,26.86467725,17.55830675
755,410131,536706,24.38245341,18.63217478
756,483643,711604,20.67640801,14.05275968
757,337283,553521,29.64869264,18.0661619
758,343404,562716,29.12021992,17.77095373
759,334092,735136,29.93187505,13.60292517
760,389479,697520,25.67532524,14.33650648
761,409526,705166,24.41847404,14.18105808
762,334959,707392,29.85440009,14.13643355
763,338725,921138,29.52247398,10.85613665
764,379640,657226,26.34074386,15.21546622
765,316765,675043,31.56914432,14.81387112
766,386945,745073,25.84346613,13.42150366
767,313602,819312,31.88755174,12.20536255
768,268311,846478,37.27018274,11.81365611
769,401067,666360,24.93348992,15.00690318
770,383684,686173,26.06311444,14.57358421
771,430547,615830,23.22626798,16.23824757
772,336686,593618,29.70126468,16.84585036
773,277502,986726,36.03577632,10.13452569
774,389273,569205,25.68891241,17.56836289
775,377601,616068,26.48298071,16.23197439
776,424445,758244,23.56017859,13.18836681
777,335781,675257,29.7813158,14.80917636
778,255393,799316,39.15534098,12.51069665
779,407864,628758,24.51797658,15.9043702
780,469032,529195,21.32050692,18.89662601
781,365746,790840,27.34137899,12.64478276
782,350159,612760,28.55845487,16.31960311
783,374578,746254,26.69670936,13.40026318
784,501674,689482,19.93326343,14.50364186
785,385681,658736,25.92816343,15.18058828
786,366063,746361,27.31770214,13.39834209
787,356052,673923,28.08578522,14.83849045
788,479972,704494,20.83454868,14.19458505
789,398524,717595,25.09259166,13.93543712
790,359971,683785,27.78001561,14.62447992
791,329049,782596,30.39061052,12.77798507
792,454355,552176,22.00922186,18.11016777
793,389554,609163,25.67038203,16.41596748
794,337461,717394,29.63305389,13.93934156
795,261864,610679,38.18776159,16.37521513
796,363926,650722,27.47811368,15.36754559
797,358249,747434,27.91354616,13.37910772
798,335029,503424,29.8481624,19.86397152
799,316238,775766,31.62175324,12.89048502
800,337623,900792,29.61883521,11.10134193
801,297777,715584,33.58217727,13.97459977
802,373216,829595,26.7941353,12.05407458
803,300208,756158,33.31023823,13.22474932
804,324878,829268,30.7807854,12.05882779
805,320801,936248,31.17197266,10.68093069
806,362588,782251,27.57951173,12.7836206
807,287845,864570,34.74091959,11.56644343
808,323969,676685,30.86715087,14.77792474
809,220427,805764,45.36649322,12.41058176
810,368428,827453,27.14234532,12.08527856
811,365285,708693,27.37588458,14.11048225
812,404347,731409,24.73123332,13.67224084
813,316989,575205,31.54683601,17.38510618
814,304776,697972,32.81098249,14.3272223
815,237665,757707,42.07603139,13.19771363
816,483363,584941,20.68838533,17.09574128
817,373920,769463,26.74368849,12.99607648
818,343978,618135,29.07162667,16.17769581
819,258304,573725,38.71407334,17.42995337
820,335809,675807,29.77883261,14.79712403
821,351829,562771,28.42289862,17.76921696
822,361398,558834,27.67032468,17.89440156
823,307901,714361,32.47797182,13.99852456
824,237240,554556,42.15140786,18.03244397
825,288321,580388,34.6835645,17.22985313
826,295767,750550,33.81039805,13.32356272
827,379406,596054,26.35698961,16.77700343
828,315356,530119,31.71019419,18.8636891
829,307985,724946,32.46911376,13.79413087
830,234819,644661,42.58599176,15.5120288
831,359947,656814,27.78186789,15.22501043
832,346978,664093,28.82027103,15.05813192
833,250690,577397,39.88990387,17.31910626
834,297628,697510,33.59898934,14.33671202
835,226524,681998,44.14543271,14.6627996
836,381440,786632,26.21644295,12.71242462
837,307430,647746,32.52772989,15.43815014
838,375146,775076,26.65628849,12.90196058
839,231642,608174,43.17006415,16.44266279
840,310537,687942,32.20228185,14.53610915
841,223534,576693,44.73592384,17.34024862
842,393645,720216,25.40359969,13.88472347
843,373551,586499,26.77010636,17.05032745
844,338557,595181,29.53712373,16.80161161
845,287812,715849,34.74490292,13.96942651
846,253975,552522,39.37395413,18.09882683
847,376024,618144,26.59404719,16.17746027
848,457065,664564,21.87872622,15.04745969
849,318618,503951,31.38554633,19.84319904
850,265284,560873,37.69545091,17.82934818
851,340054,561040,29.40709417,17.82404107
852,369688,602730,27.04983662,16.59117681
853,301589,565486,33.15770801,17.68390376
854,427496,621027,23.39203174,16.10235948
855,286044,820325,34.95965656,12.19029043
856,257661,621405,38.81068536,16.09256443
857,392091,674174,25.50428344,14.83296597
858,350453,502473,28.53449678,19.90156685
859,267098,566186,37.4394417,17.66204039
860,436193,526266,22.92563154,19.00179757
861,317750,649397,31.47128245,15.39890083
862,384473,679521,26.00962876,14.71624865
863,278131,773033,35.95428054,12.93605836
864,333579,753261,29.97790628,13.27561098
865,237418,596063,42.11980557,16.77675011
866,438441,791969,22.80808592,12.62675686
867,346548,537005,28.85603149,18.62180054
868,387729,569975,25.79120984,17.54462915
869,244112,810578,40.96480304,12.33687566
870,319084,549634,31.33970992,18.19392541
871,239433,584456,41.76533728,17.10992786
872,454583,705148,21.99818295,14.18142007
873,356061,522192,28.08507531,19.15004443
874,259979,637813,38.46464522,15.67857664
875,319863,843478,31.26338464,11.85567377
876,239032,548211,41.83540279,18.24115167
877,345830,822135,28.91594136,12.16345247
878,358099,759204,27.92523855,13.17169035
879,356285,726953,28.06741794,13.7560475
880,298463,548155,33.50499057,18.24301521
881,243361,525547,41.0912184,19.0277939
882,390528,595228,25.60635857,16.80028493
883,353285,775234,28.30575881,12.89933104
884,251554,491822,39.752896,20.33255934
885,393719,756680,25.39882505,13.21562616
886,292828,651347,34.14973978,15.35279966
887,301571,527334,33.15968711,18.96331357
888,380306,740239,26.29461539,13.50915042
889,226496,776084,44.15089008,12.88520315
890,315291,843824,31.71673153,11.85081249
891,245059,635434,40.80649966,15.73727563
892,433389,775407,23.07395896,12.89645309
893,335039,593404,29.84727151,16.8519255
894,274563,689877,36.42151346,14.49533757
895,325872,652663,30.68689547,15.32184297
896,255248,727685,39.17758415,13.74220988
897,370813,613618,26.96777082,16.29678399
898,382929,743090,26.11450164,13.45732011
899,319475,582963,31.30135378,17.15374732