Frame No.,csharp-1500,mono-csharp-1500,mono-incremental-csharp-1500,il2cpp-incremental-csharp-1500,il2cpp,Mono,Incremental il2cpp,Incremental Mono
0,708992,714334,718877,681056,14.1045315,13.99905366,13.91058554,14.68308039
1,440344,448047,459724,423633,22.70951801,22.31908706,21.75218174,23.60533764
2,10417083,10381202,10672057,13785203,0.9599616323,0.9632795894,0.9370264795,0.7254155053
3,1048099,993650,998609,974387,9.541083428,10.0639058,10.01392938,10.2628627
4,804672,667727,688632,687088,12.42742384,14.97618039,14.52154416,14.55417647
5,705968,561241,590950,674692,14.16494799,17.81765766,16.92190541,14.82157785
6,624284,459986,487838,633829,16.01835062,21.73979208,20.49860814,15.77712601
7,522384,352255,462411,394437,19.14300591,28.38852536,21.62578312,25.35259116
8,523392,397386,382803,585319,19.10613842,25.16444968,26.12309726,17.08470082
9,516758,361767,487581,481231,19.35141788,27.64210113,20.5094128,20.78004119
10,451910,340003,346362,355338,22.12829988,29.41150519,28.87152748,28.14221952
11,422719,430943,351974,368289,23.65637693,23.20492501,28.41118946,27.15258941
12,406484,319574,393473,391345,24.60121432,31.29165702,25.41470444,25.55290089
13,330323,391172,384006,411391,30.27339907,25.56420194,26.04125977,24.30777533
14,418082,271395,373780,362294,23.91875278,36.84666261,26.75370539,27.60189239
15,394238,336901,359938,351960,25.36538842,29.68231023,27.78256255,28.41231958
16,397872,219909,550964,417956,25.13371134,45.47335489,18.15000617,23.9259635
17,349287,256672,409931,422047,28.62975147,38.9602294,24.39434929,23.69404355
18,229734,387323,353934,330225,43.52860264,25.81824472,28.25385524,30.28238322
19,405532,397582,323408,342789,24.65896649,25.15204411,30.9206946,29.17246469
20,394013,450076,370808,468966,25.37987325,22.21846977,26.96813445,21.32350746
21,324011,336336,269496,395184,30.86314971,29.73217259,37.10630213,25.30466821
22,242340,337041,341267,400951,41.26433936,29.6699808,29.30256954,24.94070348
23,337801,285050,329096,349129,29.60322794,35.08156464,30.38627027,28.642708
24,367957,405284,312743,407752,27.17708863,24.67405572,31.97513613,24.5247111
25,399527,305219,403861,391872,25.0295975,32.76336008,24.7609945,25.51853667
26,338515,243893,364986,315785,29.54078844,41.00158676,27.39831117,31.66711528
27,323031,251185,237128,227350,30.95678124,39.81129446,42.17131676,43.98504508
28,224569,363660,320371,327411,44.52974364,27.49821262,31.21381149,30.54265129
29,369488,472074,230130,386199,27.06447841,21.1831196,43.45370008,25.89338657
30,278393,329944,373094,391666,35.9204434,30.30817351,26.80289686,25.53195835
31,332520,228833,260100,362966,30.07337904,43.69999082,38.44675125,27.55078988
32,223202,352875,237703,320362,44.80246593,28.33864683,42.06930497,31.21468838
33,347743,360940,377176,267318,28.7568693,27.70543581,26.5128216,37.40862942
34,364799,296191,309067,402635,27.41235585,33.76199817,32.35544397,24.83639028
35,409157,324407,230294,371466,24.44049595,30.82547541,43.42275526,26.92036418
36,404874,230256,397675,314073,24.69904217,43.42992148,25.14616207,31.83973153
37,356080,231035,270131,324099,28.08357672,43.28348519,37.01907593,30.85476968
38,370304,360684,347780,351284,27.00483927,27.72510009,28.75380988,28.46699537
39,380460,463993,208959,380097,26.28397203,21.55204928,47.85627803,26.30907374
40,372767,325769,236456,397857,26.82640899,30.6965979,42.29116622,25.13465894
41,336924,262325,303520,235342,29.68028398,38.12065186,32.94675804,42.49135301
42,313514,325848,276676,366311,31.89650223,30.68915568,36.14335902,27.2992075
43,325032,363628,384748,235477,30.76620148,27.50063251,25.99103829,42.46699253
44,411723,264355,321841,515661,24.28817433,37.82792079,31.07124325,19.39258544
45,372194,233209,331414,380200,26.86770878,42.87999177,30.1737404,26.30194634
46,234623,313882,320959,363376,42.62156737,31.85910629,31.15662748,27.51970411
47,230616,245315,355286,327514,43.36212578,40.76391578,28.14633844,30.53304592
48,346675,369814,275739,255794,28.84546045,27.04062042,36.26617925,39.09395842
49,371401,470515,235626,380222,26.92507559,21.25330755,42.44013819,26.30042449
50,310112,315351,317530,383703,32.2464142,31.71069697,31.49308727,26.06182386
51,432893,221724,240917,348718,23.10039663,45.1011167,41.50807124,28.67646637
52,293276,265167,393453,240576,34.09757362,37.71208333,25.41599632,41.56690609
53,262754,358132,342303,416211,38.05841205,27.92266539,29.21388361,24.02627513
54,381804,356518,330131,376056,26.19144902,28.04907466,30.29100569,26.5917842
55,380334,232467,327197,405490,26.29267959,43.01685831,30.56262741,24.66152063
56,254124,237996,237091,238174,39.35086808,42.0175129,42.17789794,41.98611099
57,337680,309095,378515,324141,29.61383558,32.35251298,26.41903227,30.85077173
58,256625,249179,368807,241168,38.96736483,40.13179281,27.11445282,41.46487096
59,398972,357642,225601,402224,25.06441555,27.96092182,44.32604465,24.86176857
60,374167,271203,220441,386805,26.7260341,36.87274846,45.36361203,25.8528199
61,427403,432423,336738,258378,23.39712169,23.12550443,29.69667813,38.70298555
62,310322,295267,229716,438347,32.22459252,33.86765199,43.53201344,22.81297693
63,234105,244261,385074,331937,42.71587536,40.93981438,25.96903452,30.12619865
64,380792,360978,455404,410309,26.2610559,27.70251927,21.95852474,24.37187583
65,369082,275206,311041,398795,27.09425006,36.33641708,32.1501024,25.07554006
66,226972,332161,239027,338314,44.05829794,30.10588239,41.83627791,29.55833929
67,247466,235523,228521,233405,40.40959162,42.4586983,43.75965447,42.84398363
68,320675,253145,379541,349982,31.18422078,39.50305161,26.34761462,28.57289803
69,233181,313219,378902,389847,42.88514073,31.92654341,26.3920486,25.65108876
70,406204,339835,242414,302204,24.61817215,29.42604499,41.25174289,33.09023044
71,463232,275300,313859,458647,21.5874551,36.32401017,31.86144097,21.80326046
72,330495,241145,239423,295197,30.25764384,41.46882581,41.76708169,33.87568302
73,246833,410202,391457,252184,40.51322149,24.37823316,25.54558994,39.65358627
74,352698,301295,263833,367081,28.35286846,33.1900629,37.90276425,27.24194388
75,374331,284789,400666,379906,26.71432502,35.11371577,24.95844419,26.32230078
76,273891,389628,290117,246478,36.51087476,25.66550659,34.46885222,40.57157231
77,323959,237007,260978,332978,30.86810368,42.19284662,38.31740606,30.03201413
78,231833,336923,387613,246417,43.13449768,29.68037207,25.79892831,40.58161572
79,246114,239661,262424,394209,40.63157724,41.72560408,38.10627077,25.36725443
80,400307,372292,337778,444883,24.98082722,26.86063627,29.60524368,22.47782001
81,464665,357698,236615,320568,21.52088063,27.95654435,42.2627475,31.19462953
82,313192,222745,237698,254548,31.92929577,44.89438596,42.0701899,39.28532143
83,235972,238659,315039,364814,42.37790924,41.90078732,31.74210177,27.41122874
84,321869,413197,261421,394503,31.06854031,24.20153099,38.25247398,25.3483497
85,367809,298795,455726,397120,27.18802422,33.46776218,21.94300962,25.1813054
86,293294,299713,283963,364276,34.09548098,33.36525276,35.21585559,27.45171244
87,333985,386521,241504,256200,29.94146444,25.8718155,41.40718166,39.03200625
88,232804,221952,243431,481652,42.95458841,45.05478662,41.07940238,20.76187787
89,235817,309618,372614,358156,42.40576379,32.29786382,26.83742425,27.92079429
90,373323,220287,352944,366801,26.7864557,45.39532519,28.33310667,27.2627392
91,369618,382672,222204,343073,27.05495944,26.13203997,45.0036903,29.14831537
92,353024,259139,230974,239381,28.326686,38.58932851,43.29491631,41.77440983
93,312567,239713,308218,411140,31.99314067,41.71655271,32.44456845,24.32261517
94,342914,305018,218262,384571,29.16183066,32.7849504,45.81649577,26.00300075
95,372665,219344,276952,341636,26.83375149,45.590488,36.1073399,29.27091993
96,296261,232747,455152,244821,33.75402095,42.96510804,21.97068232,40.84616924
97,329833,471849,302886,437923,30.31837324,21.19322071,33.01572209,22.83506461
98,255873,403442,231940,376546,39.08188828,24.78671036,43.1145986,26.55718026
99,342658,306660,312879,393411,29.18361748,32.60940455,31.96123741,25.4187097
100,351802,218014,233714,328624,28.42508002,45.86861394,42.78733837,30.42991382
101,288400,321211,274889,234133,34.6740638,31.13218414,36.37831998,42.71076696
102,421109,267672,366017,415352,23.74682089,37.35915598,27.32113536,24.07596448
103,299018,391457,296821,372249,33.44280277,25.54558994,33.69033862,26.86373906
104,259442,229249,248400,244929,38.54426037,43.62069191,40.25764895,40.82815836
105,408989,320161,212981,335245,24.45053534,31.23428525,46.95254506,29.82893108
106,373374,236434,228721,352613,26.78279687,42.29510138,43.72138982,28.35970313
107,246930,492414,362280,401053,40.49730693,20.30811472,27.60295904,24.9343603
108,327748,357797,350574,462272,30.51124645,27.94880896,28.52464815,21.63228575
109,230391,354009,302751,362676,43.40447327,28.2478694,33.03044416,27.57281982
110,393542,222997,324182,353569,25.41024846,44.84365261,30.84686997,28.28302255
111,387682,241043,252566,420820,25.7943366,41.4863738,39.59361117,23.76312913
112,330364,377704,390170,472553,30.26964197,26.4757588,25.62985365,21.16164748
113,337362,344733,359481,333635,29.64174981,29.00795688,27.81788189,29.97287455
114,333994,240240,240819,363796,29.94065762,41.62504163,41.52496273,27.4879328
115,400195,216251,241882,396150,24.98781844,46.24256073,41.34247278,25.24296352
116,277064,326959,323796,407282,36.09274391,30.58487456,30.88364279,24.55301241
117,327304,236643,218178,321304,30.55263608,42.2577469,45.83413543,31.12317307
118,240189,466699,283156,243501,41.63387999,21.42708684,35.31622145,41.06759315
119,339382,337657,447968,414448,29.46532226,29.61585277,22.32302307,24.12847933
120,386283,262171,307691,377129,25.88775587,38.14304404,32.50013813,26.51612578
121,395054,324911,226328,401240,25.31299519,30.77765911,44.18366265,24.92273951
122,334755,229006,311148,362140,29.87259339,43.66697816,32.13904637,27.61363009
123,341929,365890,241108,260329,29.24583759,27.33061849,41.47518954,38.41293133
124,334988,275818,380260,441581,29.85181559,36.25579186,26.29779624,22.64590188
125,302078,329608,270994,377927,33.10403273,30.33906944,36.901186,26.46013648
126,400792,216769,348708,434803,24.95059782,46.13205763,28.67728873,22.99892135
127,315254,237721,220086,352100,31.72045398,42.06611953,45.4367838,28.40102244
128,256237,416980,243865,428275,39.02637012,23.98196556,41.00629447,23.34948339
129,452111,346194,398179,423606,22.11846206,28.88553817,25.114333,23.60684221
130,390514,371885,379957,331769,25.60727656,26.89003321,26.31876765,30.14145384
131,411504,225563,374778,369525,24.30110035,44.33351215,26.68246268,27.06176849
132,327476,247546,238398,510576,30.53658894,40.39653236,41.94666063,19.58572279
133,346623,340077,322779,405373,28.84978781,29.40510531,30.98094981,24.66863851
134,281939,365905,228610,356505,35.46866521,27.32949809,43.74261843,28.05009747
135,407902,282036,394695,340684,24.51569249,35.45646655,25.33601895,29.35271395
136,329012,315939,365480,389997,30.39402818,31.6516796,27.36127832,25.64122288
137,333374,223814,322942,381772,29.99634045,44.67995746,30.96531266,26.19364437
138,358888,230363,320334,350122,27.8638461,43.40974896,31.21741682,28.56147286
139,417587,442715,234068,332062,23.94710563,22.58789515,42.72262761,30.11485807
140,384332,357213,372417,345275,26.01917093,27.99450188,26.85162063,28.96242126
141,354214,248255,377848,397414,28.23152106,40.28116251,26.46566873,25.1626767
142,327924,335860,252649,413524,30.49487076,29.77431072,39.58060392,24.18239328
143,253414,227592,325592,370519,39.46111896,43.93827551,30.71328534,26.98916925
144,407445,365322,235776,367188,24.54318988,27.37311194,42.41313789,27.23400547
145,473646,366889,380414,500751,21.11281421,27.2562001,26.28715032,19.97000505
146,354759,237086,459207,408233,28.18815027,42.17878744,21.77667152,24.49581489
147,342111,236447,314609,382761,29.23027906,42.29277597,31.78548611,26.12596372
148,270854,315688,237753,367043,36.92025962,31.67684549,42.0604577,27.24476424
149,423699,326408,221873,416976,23.60166061,30.63650401,45.07082881,23.98219562
150,404268,383572,391144,489073,24.73606617,26.07072466,25.56603195,20.44684536
151,352856,385943,362704,396094,28.34017276,25.91056192,27.57069125,25.24653239
152,415101,315659,217851,411177,24.09052255,31.67975569,45.90293366,24.32042648
153,356789,231847,257823,424044,28.02776991,43.13189302,38.78629913,23.58245842
154,410944,244187,331349,509120,24.33421585,40.95222104,30.17965951,19.64173476
155,417307,379690,342448,462920,23.9631734,26.33727515,29.20151381,21.60200467
156,350477,368946,366576,382742,28.53254279,27.10423748,27.27947274,26.12726066
157,258859,236335,389875,419971,38.63106942,42.31281867,25.64924655,23.81116791
158,434461,411349,313556,401734,23.01702569,24.31025723,31.89222978,24.89209278
159,494000,316882,227298,376369,20.24291498,31.55748828,43.99510774,26.56966966
160,357367,286721,355216,449162,27.98243822,34.8771105,28.15188505,22.26368215
161,401286,404342,273046,502865,24.91988258,24.73153914,36.62386558,19.88605292
162,408196,301599,417373,433846,24.49803526,33.15660861,23.95938405,23.04965356
163,424576,251101,406745,388868,23.55290926,39.82461241,24.58542822,25.71566701
164,367109,259088,334060,383241,27.23986609,38.5969246,29.93474226,26.09324159
165,468042,386698,236891,493459,21.36560394,25.85997342,42.21350748,20.26510814
166,493762,363502,380507,503881,20.25267234,27.51016501,26.28072545,19.84595569
167,441767,350794,377489,368326,22.63636713,28.50675895,26.49083814,27.14986181
168,366600,336873,244827,388779,27.27768685,29.68477735,40.84516822,25.72155389
169,384454,339070,328336,429950,26.01091418,29.49243519,30.45660543,23.25851843
170,554733,384668,236018,496286,18.02669032,25.99644369,42.36964977,20.14967176
171,511570,381291,466503,372661,19.54766699,26.22668775,21.43608937,26.83403952
172,370864,249249,363996,388102,26.9640623,40.12052205,27.47282937,25.76642223
173,389675,313005,338520,418320,25.66241098,31.94837143,29.54035212,23.90514439
174,402911,236535,243763,404590,24.81937698,42.27704145,41.02345311,24.71637954
175,521349,483433,346735,475750,19.18100927,20.6853897,28.84046895,21.01944298
176,448238,375306,269762,428766,22.30957661,26.64492441,37.0697133,23.32274481
177,376924,367300,437172,425747,26.53054727,27.22570106,22.87429204,23.48812793
178,437410,316625,421856,415889,22.86184587,31.58310304,23.7047713,24.04487736
179,456384,246165,350010,355763,21.91137288,40.62315926,28.57061227,28.10860039
180,468136,399799,364963,449852,21.36131381,25.01256882,27.40003781,22.22953327
181,459369,361053,399714,405140,21.76899181,27.69676474,25.01788779,24.68282569
182,478250,242171,398147,434569,20.90956613,41.29313584,25.1163515,23.01130545
183,494761,357274,245852,366871,20.21177902,27.98972217,40.67487757,27.25753739
184,381048,323553,448951,387832,26.2434129,30.90683752,22.27414573,25.78436024
185,476827,405635,322032,427151,20.97196677,24.65270502,31.05281463,23.41092494
186,434438,382630,411909,499668,23.01824426,26.1349084,24.27720686,20.01328882
187,433151,348084,397974,446867,23.08663722,28.72869767,25.12726962,22.37802299
188,367099,225227,331825,398436,27.24060812,44.39965013,30.13636706,25.0981337
189,348046,342462,239223,438730,28.7318343,29.20032004,41.80200064,22.79306179
190,532983,487884,330611,535493,18.7623245,20.49667544,30.24702747,18.67438043
191,520490,389553,358230,465789,19.21266499,25.67044792,27.91502666,21.46894839
192,398641,343502,402289,424650,25.08522706,29.11191201,24.85775152,23.5488049
193,387920,242320,327966,434359,25.77851103,41.26774513,30.49096553,23.02243075
194,432838,413141,325083,591538,23.10333196,24.20481143,30.76137479,16.90508471
195,598946,385774,244752,387561,16.69599597,25.92191283,40.85768451,25.80238982
196,378007,326982,395011,414881,26.45453656,30.58272321,25.3157507,24.10329709
197,400345,232594,367929,529414,24.97845608,42.99337042,27.17915685,18.88880914
198,522724,450669,338725,527273,19.13055456,22.18923423,29.52247398,18.96550743
199,421505,389815,332898,498735,23.72451098,25.65319446,30.03923124,20.05072834
200,485308,423704,354078,409404,20.60547116,23.6013821,28.24236468,24.4257506
201,368965,343647,386367,456506,27.10284173,29.0996284,25.88212761,21.90551712
202,539202,250028,399868,619012,18.54592527,39.9955205,25.00825272,16.15477567
203,420727,405910,237473,474588,23.76838187,24.63600305,42.11005041,21.07090782
204,463839,490282,339121,423521,21.55920481,20.39642491,29.48799986,23.61158006
205,336830,357983,416817,472091,29.68856693,27.93428738,23.99134392,21.18235679
206,446890,374587,416770,629406,22.37687127,26.69606794,23.99404948,15.88799598
207,517807,395744,379382,490427,19.31221478,25.26886068,26.35865697,20.39039449
208,357064,408467,268927,485561,28.00618377,24.48178188,37.18481224,20.59473475
209,487156,349930,346745,629775,20.52730542,28.577144,28.8396372,15.87868683
210,433184,453748,231679,495932,23.08487848,22.03866463,43.16316973,20.16405475
211,545631,427085,479566,496706,18.32740442,23.41454277,20.85218719,20.13263379
212,398310,415152,389404,544814,25.10607316,24.08756311,25.68027036,18.35488809
213,388993,367510,383600,509881,25.70740348,27.21014394,26.06882169,19.61241937
214,574113,357834,336360,566942,17.41817377,27.94591906,29.73005114,17.63848859
215,446489,508990,259177,557775,22.39696835,19.64675141,38.58367062,17.92837614
216,382775,471350,410127,623854,26.12500816,21.21565715,24.38269122,16.02939149
217,389595,363502,465472,567404,25.66768054,27.51016501,21.48356937,17.62412672
218,485392,272926,334083,581060,20.60190526,36.63996834,29.9326814,17.20992669
219,513450,438571,373215,514168,19.4760931,22.80132521,26.79420709,19.44889608
220,386110,389894,335818,550390,25.89935511,25.64799663,29.77803453,18.16893476
221,391106,471042,409264,552853,25.56851595,21.22952943,24.4341061,18.08799084
222,417261,339257,399392,519198,23.96581516,29.47617883,25.03805785,19.26047481
223,510846,409147,341706,544969,19.57537105,24.4410933,29.26492365,18.3496676
224,386955,434755,340129,572396,25.84279826,23.00146059,29.40060977,17.47042257
225,397158,363348,338123,619973,25.17889606,27.52182481,29.5750363,16.12973468
226,531332,456548,387547,584559,18.82062439,21.90350193,25.80332192,17.10691307
227,540625,494425,408196,603700,18.49710983,20.22551449,24.49803526,16.5645188
228,491318,429908,258976,649360,20.35341673,23.26079068,38.61361671,15.39977824
229,417816,378795,426894,578256,23.93398051,26.39950369,23.42501886,17.29337871
230,527809,364342,337301,605450,18.9462476,27.4467396,29.64711044,16.51664052
231,535754,516753,413099,630783,18.66528295,19.35160512,24.20727235,15.85331247
232,478311,491696,401688,562371,20.90689949,20.33776968,24.89494334,17.78185575
233,430440,384944,335874,599916,23.23204163,25.97780456,29.77306966,16.66900033
234,559552,363623,261384,616152,17.87144001,27.50101066,38.25788878,16.22976149
235,584623,413515,469274,581312,17.10504034,24.1829196,21.30951214,17.20246615
236,511598,512050,367916,676903,19.54659713,19.52934284,27.1801172,14.77316543
237,563028,377162,413468,538802,17.76110602,26.51380574,24.18566854,18.55969354
238,657272,381291,343661,615504,15.21440134,26.22668775,29.09844294,16.24684811
239,489107,418707,343423,677403,20.44542401,23.88304948,29.11860883,14.76226117
240,498899,418888,490837,546909,20.04413719,23.8727297,20.37336224,18.28457751
241,652205,444249,399686,601265,15.33260248,22.50989873,25.01964042,16.63160171
242,499477,349208,364454,689906,20.02094191,28.63622827,27.43830497,14.49472827
243,570959,425845,346889,608259,17.51439245,23.48272259,28.82766533,16.44036504
244,469708,435078,425061,664904,21.28982261,22.98438441,23.52603509,15.03976514
245,499514,395068,519155,573963,20.01945891,25.31209817,19.26207009,17.42272586
246,499146,446754,354587,569023,20.03421845,22.38368319,28.20182353,17.57398207
247,564633,494616,386147,689920,17.71061911,20.21770424,25.89687347,14.49443414
248,389763,443246,409768,569424,25.65661697,22.56083529,24.40405303,17.56160611
249,631556,363731,532438,677650,15.83390863,27.49284499,18.78152949,14.7568804
250,516328,474079,455665,693120,19.36753382,21.09353083,21.94594713,14.42751616
251,441021,489288,373649,686151,22.67465722,20.43786073,26.76308514,14.57405148
252,586280,424440,434391,580789,17.05669646,23.56045613,23.02073478,17.21795695
253,534747,383105,409175,634901,18.70043217,26.10250454,24.43942079,15.75048708
254,534215,378259,466731,679735,18.71905506,26.43691227,21.42561775,14.71161556
255,638103,511303,367599,639661,15.67145116,19.55787468,27.20355605,15.63328075
256,546349,496291,434559,673993,18.30331894,20.14946876,23.01183499,14.83694935
257,469017,382406,420909,606859,21.32118878,26.15021731,23.75810448,16.47829232
258,638639,372203,363017,588566,15.65829835,26.8670591,27.54691929,16.99044797
259,597696,524838,451989,692560,16.73091337,19.05349841,22.12443223,14.43918216
260,534859,411293,471976,703076,18.69651628,24.31356721,21.18751801,14.22321342
261,685175,398053,412693,684293,14.59481154,25.12228271,24.23108703,14.61362311
262,602637,380908,380558,722787,16.59373719,26.25305848,26.27720347,13.83533461
263,542384,499323,459682,706212,18.43712204,20.02711672,21.75416919,14.16005392
264,665175,519762,413687,685558,15.03363776,19.23957504,24.17286499,14.58665788
265,589616,379878,435436,712579,16.96019104,26.32424094,22.96548747,14.03353172
266,558573,389041,360605,709071,17.90276293,25.70423169,27.731174,14.10296007
267,649602,433487,488322,686500,15.39404127,23.06874255,20.47829096,14.56664239
268,595116,601661,513903,698611,16.80344672,16.62065515,19.45892513,14.31411758
269,644396,374508,426447,847323,15.51840794,26.7016993,23.44957287,11.80187485
270,695434,389077,395595,570810,14.37950977,25.70185336,25.27837814,17.51896428
271,629276,511658,453286,834638,15.89127823,19.54430498,22.06112697,11.98124217
272,643132,505864,495782,672257,15.54890753,19.76815903,20.17015543,14.87526348
273,588981,402275,421427,692122,16.97847639,24.85861662,23.72890204,14.4483198
274,720636,392003,409586,683262,13.8766312,25.51000885,24.41489699,14.63567416
275,605436,513725,423694,599157,16.51702244,19.46566743,23.60193914,16.69011628
276,610670,418548,434121,668842,16.37545647,23.89212229,23.03505244,14.95121419
277,695733,475036,503256,604004,14.37333,21.05103613,19.87060264,16.55618175
278,563135,358141,383260,707036,17.75773127,27.9219637,26.09194802,14.14355139
279,710111,439771,513884,654007,14.08230544,22.7391074,19.45964459,15.29035622
280,683090,500014,525117,734810,14.63935938,19.99944002,19.0433751,13.60896014
281,554747,451807,442896,727130,18.02623538,22.13334455,22.57866407,13.75269897
282,694366,372497,400251,685442,14.40162681,26.84585379,24.98432234,14.58912643
283,598574,456766,471812,712244,16.70637214,21.89304808,21.19488271,14.04013231
284,653031,436631,492801,602553,15.31320871,22.90263403,20.29216661,16.59605047
285,692402,498666,432194,664839,14.44247706,20.05350275,23.13775758,15.04123555
286,623261,465920,371531,674795,16.04464261,21.46291209,26.91565441,14.8193155
287,670060,452554,456986,701056,14.92403665,22.09681055,21.88250844,14.26419573
288,706757,533077,514103,571099,14.14913471,18.75901605,19.45135508,17.51009895
289,732155,482141,437489,757417,13.65831006,20.74082063,22.85771757,13.20276677
290,658457,497313,498987,573101,15.18702056,20.10806072,20.04060226,17.44893134
291,708157,463396,455968,673456,14.1211624,21.5798151,21.9313636,14.84878002
292,723822,617692,443493,681685,13.81555134,16.18929823,22.54827021,14.66953212
293,664732,473477,441893,644839,15.04365669,21.12035009,22.62991267,15.50774689
294,691142,478502,466424,663705,14.4688067,20.89855424,21.43972008,15.06693486
295,756330,459318,475782,591454,13.22174183,21.77140891,21.01802927,16.90748562
296,702073,592032,424870,695308,14.24353308,16.89097887,23.5366112,14.38211555
297,636842,391443,431793,646663,15.70248193,25.54650358,23.15924529,15.46400521
298,797563,556371,491541,736555,12.53819447,17.97361832,20.34418289,13.57671864
299,587992,426507,460312,712463,17.00703411,23.44627404,21.72439563,14.0358166
300,871628,476883,434312,667750,11.47278426,20.96950405,23.02492218,14.97566455
301,705021,477504,656516,686776,14.18397466,20.94223294,15.23192123,14.56078838
302,756027,459160,470413,699880,13.22704083,21.7789006,21.25791592,14.28816369
303,703267,632276,487329,678653,14.21935055,15.81587788,20.5200183,14.73507079
304,685189,490114,521899,620509,14.59451334,20.40341635,19.16079548,16.1158017
305,687256,485887,483718,814656,14.55061869,20.58091696,20.67320215,12.27511981
306,824202,649038,388755,591122,12.13294799,15.40741836,25.72314182,16.9169816
307,644256,494080,552172,719796,15.52178016,20.23963731,18.11029896,13.89282519
308,740725,481250,530759,696367,13.50028688,20.77922078,18.84094288,14.36024395
309,687125,665021,493021,700715,14.55339276,15.03711913,20.28311167,14.27113734
310,592513,518717,395991,726594,16.87726683,19.27833481,25.25309919,13.76284417
311,676036,583620,647578,751357,14.79211166,17.13443679,15.44215523,13.30925246
312,564969,655331,520779,711571,17.7000862,15.2594643,19.20200315,14.0534114
313,623383,526816,450328,818379,16.04150258,18.98195955,22.20603649,12.21927738
314,563341,570278,627647,750718,17.75123771,17.53530734,15.93252258,13.3205811
315,602184,564661,528957,864920,16.60622003,17.70974089,18.90512839,11.56176294
316,601079,514108,436183,844556,16.63674825,19.4511659,22.92615714,11.84054107
317,557784,539884,638611,791027,17.92808686,18.52249743,15.65898489,12.64179352
318,614949,642311,535544,922625,16.26151112,15.5687821,18.67260206,10.83863975
319,653139,495591,429479,833434,15.31067659,20.17792898,23.28402553,11.99855058
320,547917,480839,650386,868041,18.25093947,20.79698194,15.37548471,11.52019317
321,716997,639301,517527,730167,13.94705975,15.64208409,19.32266336,13.69549706
322,525995,506550,455269,813681,19.01158756,19.74138782,21.96503606,12.28982857
323,599623,469531,633241,724616,16.67714547,21.29784828,15.79177596,13.80041291
324,686220,656941,525136,768376,14.57258605,15.22206713,19.04268609,13.01446167
325,512498,538484,441586,634015,19.51227127,18.57065391,22.64564547,15.7724975
326,590106,702884,645614,732896,16.94610799,14.22709864,15.48913128,13.64450072
327,669719,742909,517677,531322,14.93163551,13.46059881,19.3170645,18.82097862
328,549205,659091,435386,707802,18.20813722,15.1724117,22.96812484,14.1282449
329,699768,698737,632243,563920,14.29045055,14.31153639,15.81670339,17.73301177
330,666860,726566,519165,531845,14.99565126,13.76337456,19.26169907,18.80247064
331,579473,618069,472507,665972,17.25705943,16.17942333,21.16370763,15.0156463
332,738154,832436,637024,536757,13.54730856,12.01293553,15.69799568,18.63040445
333,665394,688632,546275,533725,15.02868977,14.52154416,18.30579836,18.73624057
334,657561,667872,536823,629616,15.20771457,14.97292894,18.62811392,15.88269675
335,590792,601148,549877,576978,16.92643096,16.63483868,18.18588521,17.33168336
336,596922,730737,555037,460783,16.75260754,13.6848141,18.0168169,21.70218953
337,614165,687508,505999,657435,16.28226942,14.54528529,19.76288491,15.21062919
338,547012,825261,567782,567506,18.2811346,12.11737862,17.61239349,17.62095907
339,693233,810238,576049,548701,14.42516441,12.34205258,17.35963434,18.22486199
340,502351,843207,590619,651977,19.90640011,11.85948409,16.93138893,15.33796438
341,597038,724844,559730,568146,16.74935264,13.79607198,17.8657567,17.60110957
342,678317,818304,543004,559557,14.74236972,12.22039731,18.4160706,17.87128032
343,525053,708931,534089,657137,19.04569634,14.10574513,18.72347118,15.21752694
344,566312,714128,572092,549568,17.65811072,14.00309188,17.47970606,18.1961104
345,621050,679806,560154,638881,16.10176314,14.71007905,17.85223349,15.65236719
346,503545,666775,590017,546126,19.85919828,14.9975629,16.94866419,18.31079275
347,680314,546294,522090,549680,14.69909483,18.30516169,19.15378575,18.19240285
348,581311,589788,579664,436215,17.20249574,16.95524494,17.25137321,22.92447532
349,532451,602128,533716,691347,18.78107093,16.60776446,18.73655652,14.46451637
350,662972,545090,542122,529037,15.08359327,18.34559431,18.44603244,18.9022696
351,585095,575764,658523,512377,17.09124159,17.36822726,15.18549846,19.51687917
352,571846,602748,522767,535764,17.48722558,16.59068135,19.12898098,18.66493456
353,686342,543621,589583,588230,14.56999572,18.39516869,16.96114033,17.000153
354,606453,495503,668380,530683,16.48932399,20.18151252,14.96154882,18.84364112
355,666649,636521,545612,617878,15.00039751,15.71040076,18.32804264,16.18442476
356,582329,560163,654356,572559,17.17242315,17.85194667,15.28220113,17.46544898
357,621653,670419,572676,512862,16.08614452,14.91604504,17.46188071,19.49842258
358,627577,525692,556534,624293,15.9342997,19.02254552,17.96835413,16.0181197
359,697464,612406,649569,529895,14.33765757,16.32903662,15.39482334,18.87166325
360,720119,657113,563966,532773,13.88659374,15.21808273,17.73156538,18.76971994
361,587474,516459,600314,661303,17.02202991,19.36262123,16.65794901,15.12166133
362,731525,574449,541642,568118,13.67007279,17.40798574,18.46237921,17.60197705
363,698705,654538,494215,460284,14.31219184,15.27795178,20.23410864,21.72571717
364,666509,529676,598540,680696,15.00354834,18.87946594,16.70732115,14.69084584
365,736951,553516,511723,569802,13.5694232,18.06632509,19.54182243,17.54995595
366,743711,562357,469017,549793,13.44608322,17.78229843,21.32118878,18.18866373
367,699040,492927,608486,648231,14.30533303,20.28697961,16.43423185,15.42659947
368,712014,566933,531943,562557,14.04466766,17.6387686,18.79900666,17.77597648
369,798864,539636,628417,543685,12.51777524,18.53100979,15.91300044,18.3930033
370,591128,494910,513170,699824,16.9168099,20.20569396,19.4867198,14.28930703
371,804071,543158,565669,581069,12.43671268,18.41084915,17.67818282,17.20966013
372,661835,557033,629835,643346,15.10950615,17.95225777,15.87717418,15.54373541
373,587689,516235,510040,595051,17.01580258,19.37102289,19.60630539,16.80528224
374,693950,552531,556119,565011,14.41026011,18.09853203,17.9817629,17.69877047
375,611048,639357,655205,623057,16.36532646,15.64071403,15.26239879,16.04989592
376,662133,521479,512069,551579,15.10270595,19.17622761,19.52861821,18.12976926
377,669154,495381,475782,574677,14.94424303,20.18648273,21.01802927,17.40107921
378,688115,658415,637995,590199,14.5324546,15.18798934,15.67410403,16.94343772
379,546937,493151,488164,543219,18.28364144,20.27776482,20.484919,18.40878173
380,586937,567348,460046,584992,17.0376037,17.62586631,21.73695674,17.09425086
381,682656,545710,661848,517075,14.64866639,18.32475124,15.10920937,19.33955422
382,529951,515354,505635,568674,18.86966908,19.40413774,19.77711195,17.58476737
383,598027,551799,589634,549774,16.72165304,18.122541,16.95967329,18.18929233
384,691492,539604,657295,624349,14.46148329,18.53210873,15.21386896,16.01668298
385,496324,499841,588603,576408,20.14812904,20.00636202,16.98937994,17.34882236
386,693349,524352,645614,586579,14.42275102,19.07115831,15.48913128,17.04800206
387,658923,559748,587834,508291,15.17628008,17.86518219,17.01160532,19.67376955
388,573492,514015,634971,576529,17.43703487,19.45468517,15.74875073,17.34518125
389,691464,562837,566303,553576,14.46206889,17.76713329,17.65839136,18.06436695
390,595714,459211,609770,594412,16.78657879,21.77648184,16.39962609,16.82334812
391,586905,633549,630843,549004,17.03853264,15.78409878,15.85180465,18.21480354
392,673773,553450,591216,535353,14.8417939,18.06847954,16.9142919,18.67926396
393,604475,671366,668338,503167,16.54328136,14.89500511,14.96248904,19.87411734
394,644484,515623,532233,573646,15.516289,19.39401462,18.78876357,17.43235375
395,664811,576483,579707,550838,15.04186904,17.34656529,17.25009358,18.15415785
396,621713,657202,662016,510600,16.08459209,15.21602186,15.1053751,19.58480219
397,667471,497640,535965,534093,14.98192431,20.09484768,18.65793475,18.72333096
398,703496,476995,684545,556613,14.2147219,20.96458034,14.60824343,17.96580389
399,710629,658942,537327,426768,14.0720404,15.17584249,18.61064119,23.43193492
400,573688,481656,553189,659708,17.43107752,20.76170545,18.07700442,15.15822152
401,608478,564857,629691,545421,16.43444792,17.70359578,15.88080503,18.3344609
402,666215,540653,561558,550544,15.01016939,18.49615188,17.80759957,18.16385248
403,619409,482659,623733,580280,16.14442154,20.71856114,16.03250109,17.2330599
404,683202,469783,573390,574757,14.63695949,21.28642373,17.44013673,17.39865717
405,611762,554509,686528,546937,16.34622615,18.0339724,14.56604829,18.28364144
406,573389,489470,518036,657225,17.44016715,20.4302613,19.30367774,15.21548937
407,696158,559095,586910,579455,14.36455517,17.88604799,17.03838749,17.2575955
408,693517,531561,632285,555134,14.41925721,18.81251634,15.81565275,18.01366877
409,678910,527851,521199,646859,14.72949286,18.94474009,19.18652952,15.45931957
410,681793,563401,657640,549330,14.66720838,17.74934727,15.20588772,18.20399396
411,672192,577822,554267,543396,14.87670189,17.3063677,18.04184626,18.40278545
412,562589,659390,446232,662301,17.77496538,15.16553178,22.40986751,15.09887498
413,604848,588911,635327,566667,16.53307939,16.98049451,15.73992605,17.64704844
414,685912,576553,521260,461105,14.57912968,17.34445923,19.18428423,21.68703441
415,532265,630610,445826,682595,18.78763398,15.85766163,22.43027549,14.64997546
416,615037,534602,633605,570778,16.25918441,18.70550428,15.78270373,17.51994646
417,707429,649752,537687,540424,14.13569418,15.39048745,18.59818073,18.50398946
418,624699,492895,537541,688352,16.00770931,20.2882967,18.60323213,14.52745107
419,704979,498932,560169,571840,14.18481969,20.04281145,17.85175545,17.48740907
420,694539,630675,549989,622599,14.39803956,15.85602727,18.18218183,16.06170264
421,564391,491705,618886,587881,17.71821308,20.33739742,16.15806465,17.01024527
422,678789,545421,556245,586998,14.73211852,18.3344609,17.97768969,17.03583317
423,642502,547698,595251,600626,15.56415389,18.2582372,16.79963578,16.6492959
424,645749,502187,645408,565636,15.48589313,19.91290097,15.49407507,17.67921419
425,679671,544549,570404,595703,14.71300085,18.36382034,17.53143386,16.78688877
426,748530,446942,697413,651580,13.35951799,22.3742678,14.33870605,15.34730962
427,675769,471784,532904,574924,14.79795611,21.19614061,18.76510591,17.39360333
428,614165,514639,593086,602385,16.28226942,19.43109636,16.86096114,16.60067897
429,715448,475362,651412,614528,13.97725621,21.03659948,15.35126771,16.27265153
430,618615,640061,530725,562389,16.1651431,15.62351088,18.84214989,17.78128662
431,710727,508197,664401,573501,14.07010005,19.67740856,15.05115134,17.43676123
432,617528,573254,564825,592354,16.1935977,17.44427427,17.70459877,16.88179703
433,578311,555872,638793,567749,17.29173403,17.98975304,15.65452345,17.6134172
434,747448,510212,572149,673199,13.37885712,19.59969581,17.47796466,14.85444868
435,568934,543639,603504,555829,17.57673122,18.39455963,16.56989846,17.99114476
436,633899,618513,629130,554090,15.77538378,16.16780892,15.89496606,18.04760959
437,565682,410421,565436,630428,17.67777656,24.36522498,17.6854675,15.86223962
438,584167,574598,714562,502141,17.11839251,17.40347164,13.99458689,19.91472515
439,634837,617075,541442,485766,15.75207494,16.20548556,18.46919892,20.58604349
440,596026,419178,609942,638942,16.77779157,23.85621383,16.39500149,15.65087285
441,680048,544091,689276,493931,14.70484436,18.37927847,14.50797649,20.24574283
442,533613,463000,639521,486181,18.74017312,21.59827214,15.63670309,20.56847141
443,586518,490399,686491,586434,17.04977511,20.39155871,14.56683336,17.0522173
444,680305,483634,651944,640785,14.69928929,20.67679278,15.33874075,15.60585844
445,513464,546326,639824,578148,19.47556206,18.3040895,15.62929806,17.29660917
446,613068,530786,580509,660151,16.31140428,18.83998448,17.22626178,15.14804946
447,666519,517756,700296,548179,15.00332324,19.31411707,14.27967602,18.2422165
448,526186,521805,505570,567544,19.00468656,19.16424718,19.77965465,17.61977926
449,699601,560028,577630,679320,14.29386179,17.85625004,17.31212022,14.72060296
450,679828,536743,678107,522426,14.70960302,18.63089039,14.74693522,19.14146693
451,585519,576370,550758,582254,17.07886508,17.34996617,18.15679482,17.17463512
452,703510,651977,685791,671702,14.21443903,15.33796438,14.58170201,14.8875543
453,720310,522062,597594,538838,13.88291152,19.15481303,16.73376908,18.55845356
454,663725,476067,658075,584615,15.06648085,21.00544671,15.19583634,17.10527441
455,726865,642455,657444,665492,13.75771292,15.56529251,15.21042096,15.02647665
456,632065,490179,706025,540416,15.82115763,20.40071076,14.1638044,18.50426338
457,674949,457396,571440,681546,14.81593424,21.86289342,17.49965001,14.67252394
458,704494,649042,607418,570119,14.19458505,15.40732341,16.46312753,17.54019775
459,691207,465439,654641,549429,14.46744608,21.48509257,15.27554797,18.20071383
460,559156,469297,530851,698938,17.88409675,21.30846777,18.83767762,14.30742069
461,815472,641498,691464,597221,12.26283674,15.58851314,14.46206889,16.74422031
462,613105,474732,662814,564871,16.31041991,21.0645164,15.08718886,17.703157
463,629467,480769,665581,646864,15.88645632,20.80000998,15.02446735,15.45920008
464,830905,658755,598391,588454,12.03507019,15.18015044,16.71148129,16.99368175
465,722269,508579,697758,534943,13.8452571,19.66262862,14.33161641,18.69358044
466,819279,605543,633712,632825,12.20585417,16.51410387,15.78003888,15.80215699
467,683552,664946,589882,556007,14.62946491,15.03881518,16.95254305,17.98538508
468,729995,526130,651748,540010,13.69872396,19.00670937,15.34335357,18.51817559
469,687466,583648,532461,646061,14.54617392,17.13361478,18.78071821,15.47841458
470,728642,550082,634715,584634,13.72416084,18.17910784,15.75510268,17.10471851
471,715350,535302,579394,450104,13.97917104,18.6810436,17.25941242,22.21708761
472,614352,546261,527931,639473,16.27731333,18.30626752,18.9418693,15.63787681
473,643957,663062,647214,533557,15.52898718,15.08154592,15.45084006,18.74214002
474,653689,515316,574272,510338,15.29779452,19.40556862,17.41335116,19.59485674
475,648496,470230,639189,567871,15.42029558,21.26618889,15.64482493,17.60963317
476,510161,653535,547880,557131,19.60165516,15.30139931,18.25217201,17.94909994
477,566737,494994,567591,523690,17.64486878,20.20226508,17.61832023,19.09526628
478,545851,547810,537462,657477,18.32001773,18.2545043,18.60596656,15.20965752
479,511472,568780,547600,531519,19.55141239,17.58149021,18.26150475,18.81400289
480,551575,521861,640663,468355,18.12990074,19.1621907,15.60883023,21.35132538
481,628692,551598,538913,641023,15.90603984,18.12914478,18.5558708,15.60006427
482,412427,552512,570805,542062,24.24671518,18.09915441,17.51911774,18.44807421
483,583681,510735,662082,523984,17.13264609,19.57962544,15.10386931,19.0845522
484,550087,550375,528085,575895,18.1789426,18.16942993,18.93634547,17.36427647
485,527800,629080,655466,565627,18.94657067,15.89622941,15.25632146,17.6794955
486,537550,509228,569564,504450,18.60292066,19.63756903,17.55728944,19.82357022
487,541106,506036,564684,615126,18.48066737,19.7614399,17.70901956,16.25683193
488,509797,667429,664830,530782,19.61565094,14.98286709,15.04143916,18.84012645
489,543159,513025,564931,444175,18.41081525,19.49222747,17.70127679,22.5136489
490,537276,575209,653325,640827,18.61240778,17.38498528,15.30631768,15.60483563
491,413375,635676,573413,512437,24.19110977,15.73128449,17.43943719,19.51459399
492,550623,515274,696270,417125,18.16124644,19.40715037,14.36224453,23.97362901
493,556385,496011,535796,475040,17.97316606,20.16084321,18.66381981,21.05085888
494,500923,653451,588407,615811,19.96314803,15.30336628,16.99503915,16.23874858
495,536567,503159,655816,501506,18.63700153,19.87443333,15.24817937,19.9399409
496,572219,560812,551934,579277,17.47582656,17.83128749,18.11810832,17.26289841
497,557785,559230,701219,574085,17.92805472,17.88173024,14.26087998,17.41902332
498,663001,514686,656367,528515,15.08293351,19.42932196,15.23537899,18.92093886
499,541069,547362,648748,539861,18.48193114,18.26944508,15.41430571,18.52328655
500,524493,647349,595056,535816,19.06603139,15.4476179,16.80514103,18.66312316
501,557584,494854,618937,540345,17.93451749,20.20798054,16.15673324,18.5066948
502,587688,489143,606863,545085,17.01583153,20.44391926,16.47818371,18.34576259
503,514383,690069,573049,627862,19.4407669,14.49130449,17.4505147,15.92706678
504,653292,499267,626588,494695,15.30709086,20.02936305,15.95945023,20.21447559
505,540914,581051,541330,491551,18.48722717,17.21019325,18.47302015,20.34376901
506,512088,656712,703044,667414,19.52789364,15.22737517,14.22386081,14.98320383
507,472465,538470,563248,539930,21.16558899,18.57113674,17.75416868,18.52091938
508,663305,691101,557225,587941,15.07602084,14.46966507,17.94607205,17.00850936
509,461259,568127,646821,664405,21.67979378,17.60169821,15.46022779,15.05106072
510,471765,574113,569532,512400,21.19699427,17.41817377,17.55827592,19.51600312
511,645413,629196,619987,550665,15.49395503,15.89329875,16.12937045,18.15986126
512,470748,588524,546462,552811,21.24278807,16.99166049,18.29953409,18.08936508
513,467445,539309,582623,532106,21.39289114,18.54224573,17.1637577,18.79324796
514,627484,670601,625847,545687,15.93666133,14.91199685,15.97834615,18.32552361
515,485081,556422,557383,636624,20.61511376,17.97197091,17.94098492,15.70785896
516,494681,514985,691483,420638,20.21504768,19.4180413,14.46167151,23.77341087
517,584124,557117,531845,552522,17.11965268,17.94955099,18.80247064,18.09882683
518,503102,552204,700062,450990,19.87668505,18.10924948,14.28444909,22.17344065
519,547320,647988,582823,592158,18.27084704,15.43238455,17.15786783,16.88738479
520,546345,539976,571826,472185,18.30345295,18.5193416,17.48783721,21.17813992
521,513160,614967,663332,469550,19.48709954,16.26103514,15.07540719,21.29698648
522,587801,615405,579376,539738,17.01256037,16.24946174,17.25994863,18.52750779
523,590362,577276,652821,467814,16.93875961,17.32273644,15.31813468,21.37601696
524,504063,599777,634067,430706,19.83878999,16.67286341,15.77120399,23.21769374
525,631618,632770,641536,535167,15.83235437,15.80353051,15.58758978,18.68575604
526,569182,536637,563891,508383,17.56907281,18.63457048,17.73392375,19.67020927
527,441478,682856,601689,477178,22.65118534,14.64437597,16.6198817,20.95654033
528,686169,503419,661098,384263,14.57366917,19.86416881,15.1263504,26.02384304
529,548827,486526,549480,450757,18.22067792,20.55388612,18.19902453,22.18490229
530,551123,643160,695700,552130,18.14476986,15.54823061,14.37401179,18.1116766
531,644568,499183,590708,484707,15.51426692,20.03273349,16.92883794,20.63102039
532,588683,567460,668838,407039,16.98707114,17.62238748,14.9513036,24.56767042
533,534588,566088,663426,608580,18.70599415,17.66509801,15.07327117,16.43169345
534,659082,531099,600906,506447,15.17261889,18.82888124,16.64153794,19.74540278
535,563308,548976,642670,474919,17.75227762,18.21573256,15.56008527,21.05622222
536,453566,633255,564567,549279,22.04750797,15.79142683,17.71268955,18.20568418
537,665166,477177,646467,540784,15.03384118,20.95658424,15.46869368,18.49167135
538,536664,465187,535372,502780,18.63363296,21.49673142,18.67860105,19.88941485
539,509256,624228,661797,540103,19.63648931,16.01978764,15.11037372,18.51498696
540,655937,490692,567269,556544,15.24536655,20.37938259,17.62832096,17.96803128
541,541195,482584,552727,521366,18.47762821,20.72178108,18.09211419,19.18038384
542,443339,662632,678508,542300,22.55610267,15.09133275,14.73821974,18.43997787
543,652374,502062,561419,520504,15.32863051,19.91785875,17.8120085,19.21214823
544,532550,505276,631869,485080,18.77757957,19.79116364,15.82606521,20.61515626
545,433118,653055,575680,478068,23.08839623,15.31264595,17.37076153,20.91752638
546,639180,501698,589555,549041,15.64504521,19.93230988,16.96194587,18.21357604
547,508430,580383,637155,480237,19.66839093,17.23000157,15.69476815,20.82305195
548,411368,659255,568160,514168,24.3091344,15.16863733,17.60067587,19.44889608
549,527012,501148,672532,553203,18.9749,19.95418519,14.86918095,18.07654695
550,523294,495358,537463,477741,19.10971653,20.18742001,18.60593194,20.93184382
551,487730,663630,685478,502212,20.50314723,15.06863764,14.58836024,19.91190971
552,392142,506783,643803,448994,25.50096649,19.73231146,15.53270177,22.27201254
553,447301,572317,631193,403931,22.3563104,17.47283411,15.84301474,24.7567035
554,542100,626108,581083,499930,18.44678104,15.9716854,17.2092455,20.00280039
555,467301,521427,620486,511126,21.39948342,19.17813999,16.11639908,19.56464746
556,451233,488575,603029,426479,22.16149971,20.46768664,16.58295041,23.44781337
557,547390,673997,575023,424221,18.26851057,14.83686129,17.39060872,23.57261899
558,661274,501050,672225,532905,15.12232448,19.95808802,14.87597159,18.7650707
559,548603,570945,563084,439398,18.2281176,17.51482192,17.75933964,22.75841037
560,643948,660076,678966,552284,15.52920422,15.14977063,14.728278,18.1066263
561,701685,529032,589863,524273,14.25140911,18.90244825,16.95308911,19.07403204
562,561461,689705,565664,549662,17.81067608,14.49895245,17.67833908,18.19299861
563,596282,568324,649957,509135,16.77058841,17.59559688,15.3856332,19.64115608
564,672099,532027,600057,417797,14.87876042,18.79603855,16.66508348,23.93506894
565,514785,540102,661284,546881,19.42558544,18.51502124,15.1220958,18.28551367
566,572144,559954,669649,511677,17.4781174,17.85860981,14.93319635,19.54357925
567,672043,499463,678784,394521,14.88000024,20.02150309,14.73222704,25.34719318
568,537476,630008,532050,574533,18.60548192,15.87281431,18.79522601,17.40544059
569,630666,533777,604031,493646,15.85625355,18.73441531,16.55544169,20.25743144
570,646565,449516,622978,448448,15.46634909,22.24614919,16.05193121,22.29912944
571,522981,642581,559935,412148,19.12115354,15.5622404,17.8592158,24.26312878
572,705105,568874,687700,463587,14.18228491,17.57858506,14.54122437,21.57092412
573,672891,425560,665688,519440,14.86124796,23.4984491,15.02205237,19.25150162
574,567409,647643,651678,435231,17.62397142,15.4406054,15.34500167,22.97630454
575,751544,563788,579446,374843,13.30594084,17.73716361,17.25786355,26.67783579
576,553846,529578,601148,471990,18.05556057,18.88295964,16.63483868,21.18688955
577,550502,556618,620313,503340,18.16523827,17.96564251,16.12089381,19.86728653
578,633493,565338,575013,449008,15.78549408,17.68853323,17.39091116,22.27131811
579,576338,536641,686090,393711,17.35092949,18.63443158,14.57534726,25.39934114
580,551971,654179,567559,484982,18.11689382,15.286336,17.61931359,20.61932195
581,640967,544124,681672,482673,15.60142722,18.3781638,14.66981187,20.71796019
582,570787,530992,671842,416995,17.51967021,18.83267545,14.884452,23.98110289
583,526023,554579,554906,410407,19.01057558,18.03169612,18.02107024,24.36605613
584,542850,565197,677743,492973,18.42129502,17.692946,14.75485545,20.28508661
585,558013,500075,578577,506140,17.92072945,19.99700045,17.28378418,19.75737938
586,505990,652420,673321,433207,19.76323643,15.32754974,14.85175719,23.08365285
587,568421,533725,685026,406637,17.59259422,18.73624057,14.59798606,24.59195794
588,559385,425817,710162,467804,17.87677539,23.48426672,14.08129413,21.37647391
589,498577,633852,569891,500933,20.05708246,15.77655352,17.54721517,19.96274951
590,670904,513524,714595,431746,14.90526215,19.47328655,13.99394062,23.16176641
591,568659,441809,675448,406293,17.58523122,22.63421524,14.80498869,24.61277945
592,504077,550800,656572,470072,19.838239,18.15541031,15.23062208,21.27333685
593,565776,542090,706934,485127,17.67483951,18.44712133,14.14559209,20.61315903
594,531206,509414,728222,445939,18.82508857,19.63039885,13.73207621,22.4245917
595,536567,457354,659679,401748,18.63700153,21.86490115,15.15888788,24.89122535
596,550450,626565,695775,457872,18.16695431,15.96003607,14.37246236,21.84016494
597,564675,478744,713219,539468,17.70930181,20.88799024,14.02093887,18.53678068
598,538134,479155,657780,534761,18.58273218,20.87007336,15.20265134,18.69994259
599,581106,645861,613824,420648,17.20856436,15.48320769,16.29131477,23.7728457
600,666132,501478,816779,639058,15.01203966,19.94105424,12.24321389,15.64803195
601,533105,469144,537341,534309,18.75803078,21.31541701,18.61015631,18.71576185
602,581050,639674,730797,406909,17.21022287,15.63296304,13.68369055,24.57551934
603,642147,469400,660817,524526,15.57275826,21.30379207,15.1327826,19.06483187
604,490464,474182,659432,518960,20.38885627,21.08894897,15.16456587,19.26930785
605,507880,557098,596814,409717,19.68969048,17.95016317,16.75563911,24.40709075
606,660295,502039,600085,381641,15.14474591,19.91877125,16.66430589,26.20263546
607,567885,472745,641368,605543,17.60919905,21.15305291,15.5916728,16.51410387
608,616791,463083,656483,493487,16.21294734,21.594401,15.23268691,20.26395832
609,675663,608982,699619,434616,14.80027765,16.42084659,14.29349403,23.00881698
610,523378,510552,542039,422569,19.1066495,19.58664348,18.448857,23.66477427
611,537592,478950,690498,522123,18.60146728,20.87900616,14.48230118,19.15257516
612,630214,645912,674781,508024,15.86762592,15.48198516,14.81962296,19.68410941
613,502794,469012,658387,400088,19.88886104,21.32141608,15.18863526,24.99450121
614,472157,495974,578167,405937,21.17939584,20.16234722,17.29604076,24.63436445
615,616367,678322,613269,516198,16.22410025,14.74226105,16.30605819,19.37241136
616,445621,503047,608949,559879,22.44059414,19.87885824,16.42173647,17.86100211
617,457825,594053,580294,477373,21.84240703,16.83351485,17.23264414,20.94797988
618,457970,626318,671748,480583,21.83549141,15.9663302,14.88653483,20.80806021
619,468966,498110,521713,515316,21.32350746,20.07588685,19.16762665,19.40556862
620,452059,478777,699680,425649,22.12100633,20.88655052,14.29224788,23.49353575
621,421926,666337,658228,400965,23.70083854,15.00742117,15.19230419,24.93983265
622,402350,492675,550259,473202,24.85398285,20.29735627,18.17326023,21.13262412
623,390248,477377,675275,498750,25.62473094,20.94780436,14.80878161,20.05012531
624,474686,648072,571715,426409,21.06655768,15.43038428,17.49123252,23.45166261
625,485552,494532,659763,386381,20.59511649,20.22113837,15.15695788,25.88118981
626,434690,539949,552363,478413,23.00490004,18.52026765,18.10403666,20.90244203
627,405798,571640,802297,515013,24.64280258,17.49352739,12.46421213,19.41698559
628,531490,529802,880143,412441,18.81502945,18.87497593,11.36179007,24.24589214
629,501796,539212,802190,401939,19.92841713,18.54558133,12.46587467,24.87939712
630,454210,578648,804845,376528,22.01624799,17.28166346,12.42475259,26.55844984
631,465196,497873,822181,565953,21.49631553,20.08544348,12.16277194,17.66931176
632,570478,571104,719208,412861,17.52915976,17.50994565,13.90418349,24.221227
633,556347,624657,731614,391238,17.97439368,16.00878562,13.66840984,25.55988938
634,615126,497905,703551,378534,16.25683193,20.0841526,14.21361067,26.4177062
635,614146,478814,674959,512092,16.28277315,20.88493653,14.81571473,19.52774111
636,608328,667862,670418,506816,16.43850028,14.97315314,14.91606729,19.73102664
637,590031,508817,700440,403568,16.94826204,19.65343139,14.27674033,24.77897157
638,628021,579277,569139,380824,15.92303442,17.26289841,17.5704002,26.25884923
639,620131,465472,696152,531477,16.12562507,21.48356937,14.36467898,18.81548966
640,646537,599758,643047,530642,15.4670189,16.6733916,15.55096284,18.84509707
641,712351,502113,653750,415725,14.03802339,19.91583568,15.29636711,24.05436286
642,717315,475092,582049,415488,13.94087674,21.04855481,17.1806841,24.0680838
643,737581,581288,688002,517239,13.55783297,17.20317639,14.53484147,19.33342227
644,643575,655163,624176,491476,15.53820456,15.26337721,16.02112225,20.3468735
645,772090,539394,581097,413225,12.95185794,18.53932376,17.20883088,24.1998911
646,802120,509298,661513,439080,12.46696255,19.63486996,15.11686089,22.77489296
647,647605,559352,503153,828582,15.44151142,17.87783006,19.87467033,12.06881154
648,797977,661322,689696,845470,12.53168951,15.12122688,14.49914165,11.82774078
649,724718,503420,557742,878244,13.79847058,19.86412936,17.92943691,11.38635732
650,578983,552167,561097,1167480,17.27166428,18.11046296,17.82223038,8.565457224
651,644927,673573,646527,1243249,15.50563087,14.84620078,15.46725813,8.043441016
652,563662,550021,517621,1129961,17.74112855,18.18112399,19.31915436,8.84986296
653,516347,571957,570520,1233410,19.36682115,17.48383183,17.52786931,8.107604122
654,689136,658447,534528,1101955,14.51092382,15.18725121,18.70809387,9.074780731
655,559800,517704,571444,1179437,17.86352269,19.31605705,17.49952751,8.47862158
656,533254,503061,579161,1188049,18.75278948,19.87830502,17.26635599,8.417161245
657,654851,664498,550964,1111948,15.27064935,15.04895425,18.15000617,8.993226302
658,552988,495316,590983,1188973,18.08357505,20.18913179,16.9209605,8.410619922
659,422971,567857,507352,1052685,23.6422828,17.61006732,19.71018149,9.499517899
660,635853,642679,541115,1141937,15.72690543,15.55986737,18.48036,8.75705052
661,499729,529228,531491,1065902,20.01084588,18.89544771,18.81499405,9.381725524
662,406922,511426,506662,1158662,24.57473422,19.55317094,19.73702389,8.630644657
663,429782,674702,567684,986596,23.26761009,14.82135817,17.61543394,10.13586108
664,631090,506130,638280,1106164,15.84560047,19.75776974,15.66710535,9.040250813
665,463676,652079,542193,1011756,21.5667837,15.33556517,18.44361694,9.883805977
666,415609,572490,570913,1025322,24.06107664,17.46755402,17.51580363,9.753033681
667,445813,541049,586550,1088766,22.43092956,18.48261433,17.04884494,9.18471003
668,547156,627970,524703,878067,18.27632339,15.9243276,19.05840066,11.38865257
669,455968,651651,564269,878888,21.9313636,15.34563747,17.72204392,11.37801404
670,401394,604904,639614,802582,24.91317758,16.53154881,15.63442952,12.45978604
671,444404,652448,529993,759227,22.50204769,15.32689195,18.86817373,13.17129133
672,595727,599524,663602,705670,16.78621248,16.67989939,15.06927345,14.17092975
673,386241,565613,570498,686798,25.89057091,17.6799331,17.52854524,14.56032196
674,483760,673041,549046,600803,20.67140731,14.85793585,18.21341017,16.64439092
675,526513,620234,631487,658019,18.99288337,16.12294715,15.83563874,15.19712957
676,616334,558279,573003,622511,16.22496893,17.91219086,17.45191561,16.06397317
677,507730,643971,586360,447548,19.69550745,15.52864958,17.05436933,22.34397204
678,483485,583523,598830,651889,20.68316494,17.13728508,16.69923017,15.34003488
679,618275,556931,573959,652177,16.17403259,17.95554566,17.42284728,15.33326076
680,489480,563000,499552,654094,20.42984392,17.76198934,20.01793607,15.28832247
681,515106,561577,537598,835617,19.41347994,17.80699708,18.60125968,11.96720507
682,570861,616894,536198,985924,17.51739916,16.21024033,18.64982712,10.14276963
683,514732,540280,481030,954708,19.42758562,18.5089213,20.7887242,10.47440683
684,576277,556819,540154,1099277,17.35276612,17.95915728,18.51323882,9.096888227
685,551295,552419,439137,1000886,18.13910883,18.10220141,22.77193678,9.991147843
686,595960,550777,504782,1107964,16.77964964,18.15616847,19.81053207,9.025564007
687,540635,562753,475279,989423,18.49676769,17.76978532,21.04027319,10.10690069
688,552807,613931,535125,1002892,18.08949597,16.28847541,18.68722261,9.971163395
689,378823,558904,425864,1083252,26.39755242,17.89216037,23.4816749,9.231462301
690,558988,682330,488528,960988,17.88947169,14.65566515,20.46965578,10.4059572
691,501110,544539,459272,1103093,19.95569835,18.36415757,21.77358951,9.065418782
692,403666,567861,470939,1000853,24.77295586,17.60994328,21.23417258,9.99147727
693,395595,669182,514696,1114650,25.27837814,14.94361773,19.42894446,8.971426008
694,598802,522449,497130,958180,16.70001102,19.14062425,20.11546276,10.43645244
695,432703,594491,391844,893696,23.11054002,16.82111251,25.52036014,11.18948725
696,414522,670166,505803,1058857,24.12417194,14.92167612,19.77054308,9.444145904
697,462472,506293,534369,935893,21.62293069,19.75140877,18.71366041,10.68498215
698,511826,661032,396752,1016449,19.53788983,15.12786068,25.20466185,9.83817191
699,500219,563499,406923,898141,19.99124384,17.74626042,24.57467383,11.13410923
700,374638,538726,617532,845410,26.69243376,18.56231182,16.19349281,11.82858022
701,420143,538489,508052,908793,23.80141999,18.57048148,19.68302457,11.00360588
702,577808,560247,461455,837964,17.30678703,17.84927005,21.67058543,11.93368689
703,485239,506890,661014,829198,20.60840122,19.72814615,15.12827262,12.05984578
704,370514,565085,531761,897260,26.98953346,17.69645275,18.80544079,11.14504157
705,369712,571753,438576,857147,27.04808067,17.49007001,22.80106527,11.66661028
706,433016,519253,592863,759321,23.09383487,19.25843471,16.86730324,13.16966079
707,493897,659591,522603,878146,20.24713655,15.16091032,19.13498392,11.38762803
708,366810,573483,444002,761299,27.26207028,17.43730852,22.52242107,13.1354435
709,412945,571696,638639,787696,24.21629999,17.49181383,15.65829835,12.69525299
710,488532,672280,528202,880843,20.46948818,14.87475457,18.93215096,11.35276093
711,489428,548710,428784,777320,20.43201451,18.22456307,23.32176574,12.86471466
712,361057,530408,648720,766202,27.6964579,18.85341096,15.41497102,13.05138854
713,371923,660691,518568,743491,26.88728581,15.13566857,19.28387405,13.45006194
714,440937,545384,435777,865583,22.67897682,18.33570475,22.94751673,11.55290712
715,405896,462005,643691,778061,24.63685279,21.64478739,15.53540441,12.85246272
716,465710,646131,499962,781043,21.47259024,15.47673769,20.00152012,12.80339239
717,456356,557140,445430,827057,21.91271726,17.94880999,22.45021664,12.09106507
718,517654,536678,622595,712257,19.31792278,18.63314688,16.06180583,14.03987606
719,595718,612531,521680,751464,16.78646608,16.32570433,19.16883914,13.30735737
720,591407,541064,430650,676871,16.90882928,18.48210193,23.22071288,14.77386385
721,550254,415726,539785,723576,18.17342536,24.054305,18.52589457,13.82024832
722,456585,555176,534808,726300,21.90172695,18.01230601,18.6982992,13.76841526
723,428210,556650,497270,745152,23.35302772,17.96460972,20.10979951,13.42008074
724,627880,507707,525379,756381,15.92661018,19.6963997,19.0338784,13.22085034
725,525528,644998,551808,876528,19.02848183,15.50392404,18.12224542,11.40864867
726,413664,558424,422481,732482,24.17420902,17.90753979,23.66970349,13.65221261
727,635812,475320,632429,659157,15.72791957,21.0384583,15.81205163,15.17089252
728,488038,667475,506909,733727,20.49020773,14.98183453,19.72740669,13.62904732
729,439924,556110,432787,830980,22.73119903,17.98205391,23.10605448,12.03398397
730,432679,557159,627344,594986,23.11182193,17.94819791,15.94021781,16.80711815
731,616138,638877,509405,741309,16.23013026,15.65246519,19.63074567,13.48965141
732,358590,539636,431060,634249,27.88700187,18.53100979,23.19862664,15.76667839
733,395977,634775,597462,547749,25.25399202,15.75361349,16.73746615,18.25653721
734,424706,556534,432791,735257,23.54569985,17.96835413,23.10584093,13.60068656
735,691380,595522,427538,702736,14.46382597,16.79199089,23.38973378,14.23009494
736,502328,539678,569802,546649,19.90731156,18.52956763,17.54995595,18.29327411
737,617645,549359,513847,647227,16.19053016,18.20303299,19.4610458,15.45052972
738,532541,568076,475465,609136,18.77789691,17.60327843,21.03204232,16.41669512
739,486937,631165,431439,738178,20.53653758,15.84371757,23.17824768,13.5468681
740,535410,535540,617048,637244,18.67727536,18.67274153,16.20619466,15.69257616
741,526980,557191,581251,667806,18.97605222,17.94716713,17.20427148,14.97440874
742,558993,523564,623155,580938,17.88931167,19.09986172,16.04737184,17.21354086
743,506531,568864,548425,770630,19.74212832,17.57889408,18.23403382,12.97639594
744,442192,602245,578619,607143,22.61461085,16.60453802,17.28252961,16.47058436
745,388634,707918,490230,558521,25.73115065,14.12592984,20.39858842,17.90442973
746,577220,634753,585333,595876,17.32441703,15.75415949,17.08429219,16.78201505
747,427664,683164,531789,614682,23.38284261,14.63777365,18.80445064,16.26857465
748,419374,550614,521470,611412,23.84506431,18.1615433,19.17655857,16.35558347
749,373827,597737,548906,576622,26.75034174,16.72976577,18.21805555,17.34238375
750,502174,637939,565020,631725,19.91341647,15.67547994,17.69848855,15.82967272
751,537336,531350,616684,553618,18.61032948,18.81998683,16.21576042,18.06299651
752,372828,563485,558414,605884,26.82201981,17.74670133,17.90786048,16.5048095
753,374349,634612,660789,668917,26.7130405,15.7576598,15.13342383,14.94953784
754,496542,512069,521115,529774,20.13928328,19.52861821,19.18962225,18.87597353
755,489456,477220,585874,608650,20.43084567,20.95469595,17.06851644,16.42980366
756,377475,632640,572065,607848,26.49182065,15.80677795,17.48053106,16.45148129
757,392880,484529,548701,531010,25.45306455,20.63859955,18.22486199,18.83203706
758,445626,489423,572429,582268,22.44034235,20.43222325,17.46941542,17.17422218
759,442901,638363,653503,588081,22.57840917,15.66506831,15.30214857,17.00446027
760,463307,480807,489643,417816,21.58396053,20.79836608,20.42304291,23.93398051
761,450472,488434,672536,508762,22.198938,20.4735952,14.86909251,19.65555604
762,417401,651688,539417,449652,23.95777681,15.34476621,18.53853327,22.23942071
763,394200,509736,533898,345429,25.36783359,19.61799834,18.73016943,28.94950916
764,358710,582855,561629,286720,27.87767277,17.15692582,17.80534837,34.87723214
765,431262,639343,542207,368088,23.18776057,15.64105652,18.44314072,27.16741649
766,404473,421040,496403,371555,24.72352914,23.75071252,20.14492257,26.91391584
767,412306,569803,567521,274339,24.25383089,17.54992515,17.62049334,36.45125192
768,365219,585990,537313,221415,27.38083177,17.06513763,18.6111261,45.16405844
769,375660,424673,498745,217459,26.61981579,23.54752951,20.05032632,45.98568006
770,503181,550632,576488,335273,19.87356438,18.1609496,17.34641484,29.82643995
771,498330,532499,568444,259219,20.06702386,18.77937799,17.5918824,38.57741909
772,375212,484749,528290,221724,26.65159963,20.62923286,18.92899733,45.1011167
773,390187,415642,668338,279177,25.62873699,24.0591663,14.96248904,35.81956966
774,510655,603057,554276,201415,19.58269282,16.58218046,18.04155331,49.6487352
775,804425,518120,619968,219429,12.43123971,19.30054814,16.12986477,45.57282766
776,651805,414909,562417,279317,15.3420118,24.10167049,17.78040137,35.80161608
777,766571,453995,613665,384912,13.04510606,22.0266743,16.29553584,25.97996425
778,562631,614603,590045,215262,17.77363849,16.27066578,16.94785991,46.45501761
779,609942,381973,568948,311596,16.39500149,26.17986088,17.57629871,32.09283816
780,650354,427150,680453,301277,15.37624125,23.41097975,14.69609216,33.19204586
781,478637,636847,520402,335594,20.89265978,15.70235865,19.21591385,29.79791057
782,533977,552965,563742,375903,18.72739837,18.08432722,17.73861092,26.60260759
783,589863,431597,567292,303936,16.95308911,23.16976253,17.62760624,32.90166351
784,380176,631972,515009,350300,26.30360675,15.82348585,19.4171364,28.54695975
785,420452,516650,572840,344085,23.78392777,19.35546308,17.4568815,29.06258628
786,501992,446330,643351,240846,19.92063619,22.40494701,15.54361461,41.52030758
787,474579,562748,498474,396285,21.07130741,17.76994321,20.06122686,25.23436416
788,353509,608333,482477,373728,28.28782294,16.43836517,20.72637659,26.75742786
789,418147,420881,635466,244616,23.91503466,23.75968504,15.73648315,40.8804003
790,395207,553557,485524,243777,25.30319554,18.06498698,20.5963042,41.02109715
791,382313,516170,648963,315772,26.15657851,19.37346223,15.40919898,31.66841899
792,476160,473892,543611,355869,21.00134409,21.10185443,18.39550708,28.10022789
793,593170,397713,436897,372166,16.85857343,25.14375944,22.88869001,26.86973017
794,550670,619226,651515,375249,18.15969637,16.1491927,15.34884078,26.64897175
795,400242,512825,534514,347379,24.98488415,19.49982938,18.70858387,28.78700209
796,528220,434820,464170,246169,18.93150581,22.99802217,21.54383092,40.62249918
797,483979,435721,639399,345144,20.66205352,22.95046601,15.63968664,28.973414
798,372296,523835,521502,392917,26.86034768,19.08998062,19.17538188,25.4506677
799,399621,488803,525827,408215,25.02370997,20.45813958,19.0176617,24.49689502
800,532274,419098,551118,240758,18.78731631,23.86076765,18.14493448,41.53548376
801,532610,532908,527483,346091,18.77546422,18.76496506,18.95795694,28.89413478
802,447632,587101,489857,249388,22.3397791,17.03284443,20.41412086,40.0981603
803,487586,444142,538111,479039,20.50920248,22.51532168,18.58352645,20.87512708
804,685441,562394,543863,380424,14.58914772,17.78112853,18.38698349,26.28645932
805,509405,555447,426507,375805,19.63074567,18.00351789,23.44627404,26.60954484
806,421893,515452,648670,326698,23.70269239,19.40044854,15.41615922,30.6093089
807,440242,558834,531351,371316,22.7147796,17.89440156,18.81995141,26.93123916
808,642623,551019,465047,378567,15.5612233,18.14819453,21.5032029,26.41540335
809,469228,512988,642367,303613,21.31160118,19.49363338,15.56742485,32.93666608
810,510996,560061,524899,344491,19.56962481,17.85519792,19.05128415,29.02833456
811,593026,645450,529876,238230,16.86266707,15.49306685,18.87233994,41.97624145
812,477638,498372,510650,346171,20.93635766,20.06533272,19.58288456,28.88745735
813,498460,469503,555526,427133,20.06179031,21.29911843,18.00095765,23.41191151
814,406227,650895,495130,378791,24.6167783,15.36346108,20.19671601,26.39978247
815,357274,496109,550614,251190,27.98972217,20.15686069,18.1615433,39.81050201
816,457070,488448,558353,368568,21.87848688,20.47300839,17.90981691,27.13203534
817,483573,635158,535227,368653,20.67940104,15.74411406,18.68366133,27.12577953
818,417284,465061,586159,390552,23.96449421,21.50255558,17.06021745,25.60478502
819,360586,479426,570441,378608,27.73263521,20.85827636,17.53029674,26.41254279
820,344771,647200,514159,237571,29.00475968,15.45117429,19.44923652,42.09267966
821,483307,513390,617481,251083,20.69078246,19.47836927,16.19483029,39.82746741
822,394420,581624,573735,342830,25.35368389,17.19323824,17.42964958,29.16897588
823,364762,478282,590768,360969,27.41513645,20.90816715,16.9271186,27.70320997
824,362583,598667,558479,336169,27.57989205,16.70377689,17.90577622,29.74694276
825,401693,531542,577085,456375,24.89463346,18.8131888,17.32846981,21.91180498
826,498493,578717,508369,299853,20.06046223,17.27960298,19.67075097,33.34967467
827,425079,570600,571817,421048,23.52503888,17.52541185,17.48811246,23.75026125
828,431957,514378,540019,367859,23.15045248,19.44095587,18.51786696,27.18432878
829,485644,543429,516202,311102,20.59121496,18.40166793,19.37226125,32.1437985
830,515176,492507,549004,234763,19.41084212,20.30427994,18.21480354,42.59615016
831,471117,513394,565552,237039,21.22614977,19.47821751,17.68184004,42.18715064
832,512260,436160,570684,374424,19.52133682,22.9273661,17.52283225,26.70768968
833,458838,568640,543518,371974,21.79418444,17.5858188,18.39865469,26.88359939
834,510053,378865,563965,290746,19.60580567,26.39462605,17.73159682,34.39428229
835,475549,564596,504287,342928,21.02832726,17.71177975,19.82997777,29.16064013
836,381991,429745,551687,339471,26.17862725,23.26961338,18.12622012,29.45759726
837,538353,509209,545253,380549,18.5751728,19.63830176,18.34011,26.27782493
838,424884,481697,505990,345004,23.53583566,20.7599383,19.76323643,28.98517119
839,469848,456747,526224,303054,21.28347891,21.8939588,19.00331418,32.9974196
840,370173,638023,529480,244187,27.01439597,15.67341616,18.88645463,40.95222104
841,534682,500886,489176,345933,18.70270553,19.96462269,20.44254011,28.90733177
842,425948,474065,427776,264495,23.47704415,21.09415376,23.37672053,37.80789807
843,401253,676540,540458,387883,24.92193205,14.78109203,18.50282538,25.78097003
844,498106,480751,482346,222661,20.07604807,20.80078877,20.73200566,44.91132259
845,523601,564997,398319,355740,19.09851203,17.69920902,25.10550589,28.11041772
846,455735,562981,539903,250779,21.94257628,17.76258879,18.52184559,39.87574717
847,470884,532597,521036,445602,21.23665276,18.77592251,19.1925318,22.44155098
848,477802,549051,495232,374834,20.9291715,18.21324431,20.19255622,26.67847634
849,545123,653124,401249,439323,18.34448372,15.31102823,24.92218049,22.76229562
850,439588,528784,465864,373701,22.74857366,18.9113135,21.46549207,26.75936109
851,412240,558470,632219,415506,24.25771395,17.90606478,15.81730381,24.06704115
852,473762,561269,476771,423032,21.10764477,17.81676879,20.97443007,23.63887365
853,525319,520877,441109,400195,19.03605238,19.19839041,22.67013369,24.98781844
854,425116,567045,645077,386642,23.52299137,17.63528468,15.50202534,25.86371889
855,400442,627759,541591,376252,24.97240549,15.92968002,18.46411776,26.57793181
856,356761,521288,452609,413935,28.02996964,19.18325379,22.09412539,24.15838235
857,621372,496193,639063,435031,16.09341908,20.15344836,15.64790952,22.9868676
858,413052,659950,531985,316737,24.21002682,15.15266308,18.79752249,31.57193508
859,373345,512988,536674,382252,26.78487726,19.49363338,18.63328576,26.16075259
860,357713,570012,545193,385065,27.95537204,17.54349031,18.34212838,25.96964149
861,527739,659367,540709,260716,18.94876066,15.16606078,18.49423627,38.35591218
862,472867,506545,615965,366698,21.14759541,19.74158268,16.23468866,27.27039689
863,392408,493497,535853,306166,25.48368025,20.2635477,18.6618345,32.66201995
864,389815,689439,485715,267807,25.65319446,14.50454645,20.58820502,37.34032344
865,437050,506568,609224,335039,22.88067727,19.74068634,16.4143238,29.84727151
866,509792,679903,538923,216242,19.61584332,14.7079804,18.55552649,46.24448535
867,424790,573762,552093,210606,23.54104381,17.42882938,18.1128904,47.48202805
868,350201,560313,511873,203631,28.55502983,17.84716757,19.53609587,49.10843634
869,420255,642655,574762,201556,23.7950768,15.56044845,17.39850582,49.61400306
870,416360,529112,578975,442696,24.01767701,18.89959026,17.27190293,22.58886459
871,476197,515479,487707,321458,20.9997123,19.39943237,20.50411415,31.10826298
872,347085,554864,550325,239717,28.81138626,18.02243433,18.17108073,41.71585661
873,433155,552965,545426,210130,23.08642403,18.08432722,18.33429283,47.5895874
874,410407,529839,497532,218085,24.36605613,18.87365785,20.0992097,45.8536809
875,351745,614603,545314,302028,28.42968628,16.27066578,18.33805844,33.10951303
876,443997,562421,526410,283879,22.5226747,17.78027492,18.99659961,35.22627598
877,404202,451583,496664,385214,24.74010519,22.14432341,20.13433629,25.95959648
878,418221,631888,528916,232836,23.91080314,15.82558934,18.90659386,42.94868491
879,365121,538120,531981,327668,27.3881809,18.58321564,18.79766383,30.51869575
880,376887,439925,512610,212430,26.53315185,22.73114735,19.50800804,47.07433037
881,419126,665375,532797,280180,23.85917361,15.02911892,18.76887445,35.69134128
882,518040,539916,473888,334792,19.30352869,18.52139963,21.10203255,29.86929198
883,370948,558265,553156,238537,26.95795637,17.91264005,18.07808286,41.92221752
884,356108,634692,517658,242167,28.08136857,15.75567362,19.31777351,41.2938179
885,420013,528911,470044,400354,23.80878687,18.9067726,21.27460408,24.97789456
886,502095,424581,559403,275109,19.91654966,23.55263189,17.87620016,36.34922885
887,461800,547483,547148,324812,21.65439584,18.26540733,18.27659061,30.78703989
888,386292,506839,535582,361622,25.88715272,19.73013126,18.67127723,27.65318482
889,416220,394102,578876,306968,24.02575561,25.37414172,17.27485679,32.57668552
890,447981,568944,514919,243389,22.32237528,17.57642228,19.42053022,41.08649117
891,375128,503615,458721,256489,26.65756755,19.85643795,21.7997432,38.98802678
892,492564,463209,523457,370705,20.30193031,21.58852699,19.10376593,26.97562752
893,490720,410580,551701,383558,20.37821976,24.35578937,18.12576015,26.07167625
894,454830,621946,538927,252216,21.98623662,16.07856631,18.55538876,39.64855521
895,387799,491901,469186,330588,25.78655437,20.3292939,21.31350893,30.24913185
896,457984,443489,562510,243389,21.83482392,22.54847358,17.77746173,41.08649117
897,477363,562772,540611,377918,20.94841871,17.76918539,18.49758884,26.46076662
898,433524,536450,509176,418413,23.0667737,18.64106627,19.63957453,23.89983103
899,359895,413612,544022,211534,27.78588199,24.17724824,18.38160957,47.27372432