Frame No.,FRP-inverse-1500,mono-frp-inverse-1500,mono-incremental-frp-1500,il2cpp-incremental-frp-1500,il2cpp,Mono,Incremental il2cpp,Incremental Mono
0,756699,785139,913621,805559,13.21529432,12.73659823,10.94545769,12.41374002
1,522459,501115,466895,469829,19.1402579,19.95549924,21.41809186,21.28433962
2,10782265,11158097,10367342,10301234,0.9274489173,0.8962101692,0.9645673886,0.970757484
3,1174888,1143108,1022682,996305,8.511449602,8.748079796,9.778210627,10.03708704
4,832627,885321,797759,702226,12.01017983,11.29533808,12.53511399,14.24042972
5,675980,684452,691193,627670,14.79333708,14.61022833,14.46773911,15.93193876
6,641587,803721,614943,567964,15.58635072,12.44212855,16.26166978,17.60674972
7,496449,553408,447454,482509,20.14305598,18.06985082,22.34866601,20.72500202
8,585991,626355,470907,525952,17.06510851,15.96538704,21.23561552,19.01314188
9,469530,515503,401006,489489,21.29789364,19.3985292,24.93728273,20.42946828
10,369283,466979,353980,328564,27.07950271,21.41423918,28.25018363,30.43547071
11,449973,490118,341146,355413,22.22355564,20.40324983,29.31296278,28.13628089
12,390995,427748,382784,374391,25.57577463,23.37825075,26.12439391,26.71004378
13,357451,447991,447212,376122,27.97586243,22.321877,22.36075955,26.58711801
14,333747,336247,318674,353253,29.96281615,29.74004229,31.380031,28.30832293
15,296271,398930,235929,316839,33.75288165,25.06705437,42.38563297,31.56177112
16,364575,384234,339154,340236,27.42919838,26.02580719,29.48513065,29.39136364
17,321262,429978,372563,397213,31.12724194,23.25700385,26.84109802,25.17540967
18,247116,345826,277735,388876,40.4668253,28.91627582,36.00554485,25.71513799
19,447841,403302,345055,317344,22.3293535,24.79531468,28.9808871,31.51154583
20,366982,401707,219946,247182,27.24929288,24.89376585,45.46570522,40.45602026
21,405452,455134,254978,222512,24.66383197,21.97155124,39.21906988,44.94139642
22,351979,362662,469297,397540,28.41078587,27.57388422,21.30846777,25.15470141
23,484697,389078,347193,433239,20.63144604,25.7017873,28.80242401,23.08194784
24,409432,404640,370146,327574,24.42408019,24.71332543,27.01636651,30.52745334
25,410239,443712,308326,252953,24.37603446,22.53714121,32.43320382,39.53303578
26,434760,371349,229949,366133,23.00119606,26.92884591,43.48790384,27.31247934
27,341575,394013,388742,364123,29.27614726,25.37987325,25.72400204,27.46324731
28,425985,398698,250279,412105,23.47500499,25.08164074,39.95540976,24.26566045
29,492685,484548,334932,241173,20.2969443,20.63779027,29.85680675,41.46401131
30,314553,350807,230462,389903,31.79114489,28.50570257,43.39110135,25.64740461
31,379616,430953,310835,311349,26.34240917,23.20438656,32.17140927,32.11829812
32,401385,596805,315445,296004,24.91373619,16.75589179,31.70124744,33.78332725
33,468467,362032,378194,392949,21.34622076,27.62186768,26.44145597,25.44859511
34,368102,392861,377512,300152,27.16638323,25.45429554,26.48922418,33.316453
35,343941,590167,227513,233382,29.0747541,16.94435643,43.95353233,42.84820595
36,491705,421543,226892,267313,20.33739742,23.72237233,44.07383248,37.40932914
37,471056,505883,325671,424948,21.22889847,19.76741658,30.70583503,23.53229101
38,328116,454107,251185,468392,30.47702642,22.02124169,39.81129446,21.34963876
39,256312,412003,398259,402905,39.01495053,24.27166792,25.10928818,24.81974659
40,473646,488817,219928,401091,21.11281421,20.45755364,45.46942636,24.93199798
41,375002,361897,238239,446769,26.66652445,27.63217158,41.9746557,22.38293167
42,381511,364996,390985,504739,26.21156402,27.39756052,25.57642876,19.81221978
43,401127,503635,291703,327379,24.9297604,19.85564943,34.2814438,30.54563671
44,355105,460144,295561,330653,28.16068487,21.73232727,33.83396321,30.24318545
45,404669,415073,377886,410262,24.71155438,24.09214765,26.46300736,24.3746679
46,496039,422831,213470,423288,20.15970518,23.6501108,46.84498993,23.62457712
47,352478,396785,321066,399224,28.37056497,25.20256562,31.14624407,25.04859427
48,396122,405845,205409,385774,25.24474783,24.63994875,48.68335857,25.92191283
49,502356,371134,249743,534766,19.90620198,26.94444594,40.04116231,18.69976775
50,381030,478203,372977,523060,26.24465265,20.91162122,26.81130472,19.11826559
51,369488,431410,260917,526154,27.06447841,23.17980575,38.32636432,19.0058424
52,480149,604578,405144,366376,20.82686833,16.54046293,24.682582,27.29436426
53,471928,342928,300348,419541,21.189673,29.16064013,33.29471147,23.83557269
54,415604,395697,233904,385569,24.06136611,25.27186206,42.75258226,25.93569504
55,474448,549387,383213,416738,21.07712542,18.20210526,26.09514813,23.9958919
56,326814,472792,251232,324412,30.59844438,21.1509501,39.80384664,30.82500031
57,400558,462528,346768,416234,24.96517358,21.62031272,28.83772436,24.02494751
58,452908,428336,225381,388093,22.07953933,23.34615816,44.36931241,25.76701976
59,338385,411294,223874,366730,29.55213736,24.3135081,44.66798288,27.26801734
60,370794,501470,231311,325783,26.96915268,19.94137237,43.23183939,30.69527876
61,392507,356000,357264,276784,25.47725263,28.08988764,27.99050562,36.12925603
62,522178,359868,444730,485318,19.15055786,27.7879667,22.48555303,20.60504659
63,370505,510464,317652,322952,26.99018907,19.59002006,31.48099178,30.96435384
64,345256,495213,249469,385518,28.96401511,20.19333095,40.08514084,25.93912606
65,467697,359947,223011,330598,21.38136443,27.78186789,44.84083745,30.24821687
66,370953,483111,377704,318151,26.95759301,20.69917679,26.4757588,31.43161581
67,358253,395674,345485,392287,27.9132345,25.27333108,28.94481671,25.49154063
68,346441,403438,233555,377614,28.86494381,24.78695611,42.81646721,26.48206899
69,509582,359644,228409,413393,19.62392706,27.8052741,43.78111195,24.19005644
70,401632,420135,219045,331825,24.89841447,23.80187321,45.65271976,30.13636706
71,371102,421819,302662,390616,26.94676935,23.70685057,33.04015701,25.60058984
72,424459,401086,267033,372441,23.5594015,24.93230878,37.44855505,26.84989032
73,430576,498325,441534,245181,23.22470365,20.0672252,22.64831247,40.78619469
74,572653,381925,300394,252967,17.46258205,26.18315114,33.28961297,39.5308479
75,373239,423279,239527,341542,26.79248417,23.62507944,41.74894688,29.27897594
76,398534,499603,238877,363848,25.09196204,20.01589262,41.86254851,27.48400431
77,477979,378151,377694,349348,20.92142123,26.44446266,26.47645978,28.6247524
78,489792,459178,371900,342233,20.41683,21.77804686,26.88894864,29.21985898
79,428607,481880,230844,312007,23.33139683,20.75205445,43.31929788,32.05056297
80,352314,446885,247975,256770,28.38377129,22.37712163,40.32664583,38.94535966
81,394820,500089,305340,377213,25.32799757,19.99644063,32.75037663,26.51022102
82,404981,384160,225316,376262,24.69251644,26.03082049,44.38211223,26.57722544
83,459305,632004,432973,239256,21.77202512,15.82268467,23.0961284,41.796235
84,347808,552774,347808,219386,28.75149508,18.0905759,28.75149508,45.58176
85,395655,477896,246170,326833,25.27454474,20.92505482,40.62233416,30.59666558
86,478087,588561,221327,229747,20.91669508,16.99059231,45.18201575,43.52613962
87,348844,588351,328820,464492,28.66610863,16.99665676,30.41177544,21.52889608
88,358445,477280,226421,367285,27.89828286,20.95206168,44.16551468,27.22681297
89,511369,550455,382695,339546,19.55535044,18.16678929,26.13046943,29.45109057
90,519207,536837,382159,226258,19.26014095,18.62762813,26.16711892,44.19733225
91,502230,527968,244019,260264,19.91119607,18.94054185,40.98041546,38.42252482
92,420163,517774,236829,368588,23.80028703,19.31344563,42.22455865,27.13056312
93,603108,630186,367029,381991,16.58077824,15.86833094,27.24580347,26.17862725
94,526616,487165,222988,237408,18.98916858,20.5269262,44.84546254,42.12157973
95,593170,663622,369273,453239,16.85857343,15.0688193,27.08023603,22.06341467
96,452964,535074,360628,363106,22.07680964,18.68900376,27.72940537,27.54016733
97,642991,656927,224620,421856,15.55231722,15.22239153,44.51963316,23.7047713
98,577346,691655,250676,414064,17.32063615,14.4580752,39.89213168,24.15085591
99,497513,707826,321486,355124,20.09997729,14.12776586,31.10555359,28.1591782
100,568449,774847,249206,326450,17.59172767,12.90577366,40.12744476,30.63256241
101,480475,813140,394993,371247,20.8127374,12.29800526,25.31690435,26.9362446
102,606476,885065,355725,397115,16.48869865,11.29860519,28.11160306,25.18162245
103,537574,828125,298524,358347,18.60209013,12.0754717,33.4981442,27.90591243
104,519771,862046,335659,360782,19.2392419,11.60030903,29.79214024,27.71756906
105,612261,868046,230700,323260,16.33290378,11.52012681,43.34633723,30.9348512
106,518731,711124,394153,414126,19.27781451,14.06224512,25.37085852,24.14724021
107,533935,848433,362583,393775,18.72887149,11.78643452,27.57989205,25.395213
108,534747,849907,231292,256979,18.70043217,11.76599322,43.23539076,38.91368555
109,657734,1058241,224723,434951,15.20371457,9.449643323,44.49922794,22.99109555
110,516879,927608,326053,334629,19.34688776,10.78041587,30.66986042,29.88384151
111,662637,976197,212267,408014,15.09121887,10.24383398,47.11047878,24.50896293
112,667298,978311,451537,362807,14.98580844,10.22169842,22.14657935,27.562864
113,604983,1162819,347085,245572,16.52939008,8.599790681,28.81138626,40.72125487
114,592485,1033450,233191,335632,16.87806442,9.676326866,42.88330167,29.79453687
115,766249,1133465,232347,256578,13.05058799,8.822504444,43.03907518,38.97450288
116,615788,965135,321579,507707,16.2393551,10.3612448,31.09655792,19.6963997
117,661214,1184303,223758,379551,15.12369672,8.443785079,44.69113953,26.34692044
118,781924,1007632,407100,359490,12.7889667,9.924258062,24.56398919,27.81718546
119,686291,1149201,356247,358571,14.57107845,8.701697962,28.07041182,27.88847955
120,778430,1176451,234735,408789,12.84637026,8.500141527,42.60123118,24.46249777
121,777278,1012489,241136,431653,12.8654098,9.876650512,41.47037357,23.16675663
122,773611,1197921,391765,495572,12.92639324,8.34779589,25.52550636,20.17870259
123,672747,1060644,327379,366759,14.86442898,9.428234167,30.54563671,27.26586123
124,735196,1137589,275631,465154,13.60181503,8.790521005,36.28038936,21.49825649
125,957326,1033468,384594,504208,10.44576247,9.676158333,26.00144568,19.83308476
126,876112,1112606,209841,395726,11.41406578,8.987907669,47.65512936,25.27001006
127,951354,988182,337316,461339,10.51133437,10.11959335,29.64579208,21.67603433
128,982210,1107152,215290,494700,10.18112216,9.032183476,46.4489758,20.21427128
129,1162571,1031869,390785,441782,8.601625191,9.691152656,25.58951853,22.63559855
130,1173283,1161839,263739,419234,8.523092894,8.607044522,37.91627329,23.85302719
131,1071206,1128057,411546,454396,9.335272581,8.864800272,24.29862032,22.00723598
132,1122007,1168240,311489,675933,8.912600367,8.559884955,32.10386242,14.79436571
133,1140920,1018796,251148,605175,8.764856432,9.815507717,39.8171596,16.52414591
134,1137780,1243631,385975,571267,8.789045334,8.040970352,25.90841376,17.50494952
135,1065472,1035236,358086,726426,9.385511773,9.659633166,27.92625235,13.7660271
136,1224000,1124363,246216,727429,8.169934641,8.893924827,40.61474478,13.7470461
137,1123897,1159017,247821,557934,8.897612504,8.628001142,40.35170546,17.92326691
138,1071780,1080089,332940,723856,9.330273004,9.258496291,30.03544182,13.81490241
139,1280226,1101675,234637,537952,7.811120849,9.077087163,42.61902428,18.58901909
140,1134468,1127787,483349,478204,8.814704337,8.866922566,20.68898456,20.91157749
141,1038806,1167885,362233,592536,9.626436505,8.562486889,27.60654054,16.87661172
142,1142044,1097798,357270,556590,8.756230058,9.109143941,27.99003555,17.96654629
143,1134337,1123817,234987,472521,8.815722312,8.898245889,42.55554563,21.16308058
144,1066084,1589499,335011,580770,9.380123893,6.291290526,29.84976613,17.21852024
145,1156964,1201382,371167,638191,8.643311287,8.323747151,26.94205034,15.66929023
146,1118344,1163187,293401,608874,8.941792507,8.597069947,34.08304675,16.42375927
147,1232631,1121237,445975,597388,8.112727978,8.91872102,22.42278155,16.73953946
148,1192621,1074490,296574,637771,8.384893441,9.306740872,33.71839743,15.67960914
149,1074775,1082842,267476,554272,9.304272987,9.234957639,37.38653188,18.04168351
150,1182968,1150740,403227,597976,8.453314037,8.690060309,24.79992659,16.72307919
151,1319111,1270051,386049,747303,7.580863172,7.87369956,25.90344749,13.38145304
152,1199086,1223244,353994,519146,8.339685394,8.174983895,28.24906637,19.26240403
153,1210461,1149005,231758,571248,8.261315317,8.703182319,43.14845658,17.50553175
154,1154253,1150783,414415,614621,8.663611877,8.689735597,24.13040069,16.27018927
155,1162147,1199908,369035,500728,8.604763425,8.333972271,27.09770076,19.97092234
156,1087814,1162572,404104,543956,9.192748025,8.601617792,24.74610496,18.38383987
157,1190722,1271744,336830,522492,8.398265926,7.863217755,29.68856693,19.13904902
158,1262110,1247620,242353,528939,7.923239654,8.015261057,41.26212591,18.90577174
159,1382714,1159156,405825,612391,7.232153576,8.626966517,24.64116306,16.32943659
160,1059175,1234034,384944,626878,9.441310454,8.103504442,25.97780456,15.95206723
161,1387113,1206528,329282,689486,7.209217994,8.288245279,30.36910612,14.50355772
162,1169248,1161671,328764,572475,8.552505542,8.608289266,30.41695563,17.4680117
163,1093277,1378744,332991,676334,9.146812747,7.252978073,30.03084167,14.7855941
164,1235490,1305596,400461,518670,8.093954625,7.659337192,24.97122067,19.28008175
165,1224816,1582361,399272,556599,8.164491646,6.319670417,25.04558296,17.96625578
166,1213489,1205973,242545,653512,8.240700987,8.292059607,41.22946257,15.30193784
167,1450799,1117542,352982,495096,6.892753579,8.948209553,28.33005649,20.19810299
168,1239745,1023951,318076,568300,8.066174899,9.766092323,31.43902715,17.59633996
169,1351279,1126313,391093,433025,7.400396217,8.878526662,25.56936585,23.09335489
170,1392478,1110884,380806,562053,7.181442005,9.001839976,26.26009044,17.79191642
171,1391227,1180131,337853,445369,7.187899602,8.473635554,29.59867161,22.45329154
172,1151715,1133773,247826,559329,8.68270362,8.820107729,40.35089135,17.87856521
173,1299904,1134211,333182,468071,7.692875782,8.816701654,30.01362619,21.36428021
174,1231768,1092098,391839,483051,8.118411909,9.156687404,25.52068579,20.70174785
175,1263595,1117272,450496,469288,7.913928118,8.950371977,22.19775536,21.30887643
176,1229743,1110857,340111,624171,8.13178038,9.002058771,29.40216576,16.02125059
177,1196232,1196064,253639,545001,8.359582422,8.360756615,39.42611349,18.34859019
178,1268848,1176105,400895,569191,7.881164647,8.502642196,24.94418738,17.56879501
179,1239348,1057505,375898,695350,8.068758734,9.456220065,26.60296144,14.38124685
180,1257730,1180365,251399,540420,7.950832055,8.471955709,39.77740564,18.50412642
181,1265824,1190718,421268,756167,7.899992416,8.398294138,23.73785809,13.22459192
182,1271529,935133,331405,714063,7.864547328,10.69366603,30.17455983,14.00436656
183,1287984,1164876,428084,750597,7.764071603,8.584604713,23.35990133,13.32272844
184,1436201,1193652,401160,757115,6.962813701,8.377651108,24.92770964,13.20803313
185,1196260,1370994,337927,653343,8.359386755,7.293977946,29.59219003,15.30589598
186,1091906,1212486,238430,844267,9.158297509,8.247517909,41.94103091,11.84459419
187,1226659,994475,439537,738122,8.152224864,10.05555695,22.75121321,13.54789588
188,1149984,1093511,406073,701546,8.695773159,9.144855424,24.62611402,14.25423279
189,1212859,1125655,400078,716209,8.244981486,8.883716592,24.99512595,13.96240483
190,1227177,1180062,359019,854120,8.148783753,8.47413102,27.85367905,11.70795673
191,1403404,1161265,341123,934400,7.125531921,8.611298885,29.31493919,10.70205479
192,1180178,1308913,282601,1001833,8.473298096,7.639927176,35.38557896,9.981703537
193,1185091,1142455,482799,1008555,8.438170571,8.75307999,20.71255326,9.915175672
194,1195131,1323856,319317,1023970,8.367283586,7.55369164,31.31684188,9.765911111
195,1195420,1256904,367766,903470,8.365260745,7.956057105,27.1912031,11.06843614
196,1070894,1082412,347323,886222,9.337992369,9.238626327,28.79164351,11.28385438
197,1133255,1206594,419938,909670,8.824139316,8.287791917,23.81303907,10.99299746
198,957578,991914,444287,786809,10.44301352,10.08151916,22.50797345,12.70956484
199,1052694,1108197,357554,719904,9.499436683,9.02366637,27.96780346,13.89074099
200,1206888,977582,260800,782671,8.285772996,10.22932092,38.34355828,12.77676061
201,1055255,1137108,420946,692294,9.476382486,8.794239421,23.75601621,14.44473013
202,1184708,1098451,399784,646496,8.440898517,9.103728796,25.01350729,15.4679998
203,1131338,1054705,482346,616380,8.839091412,9.481324162,20.73200566,16.22375807
204,1283819,991042,386632,562846,7.789260013,10.09038971,25.86438784,17.76684919
205,1166411,1366044,433016,681774,8.57330735,7.32040842,23.09383487,14.66761713
206,1185287,1051048,505225,580892,8.436775228,9.514313333,19.79316146,17.21490398
207,1119315,1310285,460938,579450,8.934035549,7.631927405,21.69489172,17.25774441
208,1137174,945196,384118,700640,8.793729016,10.57981625,26.03366674,14.27266499
209,1100289,1107638,438413,657883,9.088521288,9.028220411,22.8095426,15.20027117
210,993706,1049396,425751,677822,10.06333865,9.529291135,23.48790725,14.75313578
211,1226883,1153880,366814,724556,8.15073646,8.666412452,27.261773,13.80155571
212,1124983,1088020,439262,696685,8.889023212,9.191007518,22.76545661,14.35368926
213,1132336,952507,488094,577420,8.831300957,10.49861051,20.48785685,17.3184164
214,1178895,1095401,430207,582361,8.482519648,9.129076932,23.2446241,17.17147955
215,1065412,1039183,377288,672701,9.38604033,9.622944178,26.50495112,14.86544542
216,971266,908201,473669,571323,10.29584069,11.01077845,21.11178903,17.50323372
217,1040238,995931,494672,654482,9.613184675,10.04085624,20.21541547,15.27925902
218,932721,962961,428322,604451,10.72131967,10.38463655,23.34692124,16.54393822
219,1105911,1045888,397605,579823,9.042318957,9.561253213,25.15058915,17.24664251
220,1101139,1039646,459103,689864,9.081505605,9.618658659,21.78160456,14.49561073
221,1017532,940288,434317,625599,9.82770075,10.63503948,23.02465711,15.98468028
222,1322615,1080523,497732,651599,7.560779214,9.254777548,20.09113338,15.3468621
223,1104754,828060,367678,629173,9.051788905,12.07641958,27.19771104,15.89387974
224,1137776,1072074,467240,599077,8.789076233,9.327714318,21.4022772,16.69234506
225,1114683,1073170,401212,605385,8.971160411,9.318188171,24.92447883,16.5184139
226,978226,1113400,429302,579170,10.2225866,8.981498114,23.29362547,17.26608768
227,1163602,1001474,357676,692821,8.594003792,9.985281695,27.9582639,14.43374263
228,1292715,1036174,363096,520709,7.735657125,9.65088875,27.54092582,19.20458452
229,1379909,939868,499486,588360,7.246854684,10.63979197,20.02058116,16.99639676
230,1058852,1040620,413323,647465,9.444190501,9.609655782,24.19415324,15.4448503
231,1065379,887291,396159,507240,9.386331062,11.2702597,25.24239005,19.71453355
232,1262264,922425,371326,563965,7.922272995,10.84098978,26.93051389,17.73159682
233,1106285,946829,504590,568062,9.039262035,10.5615692,19.81807012,17.60371227
234,1348802,1002187,490175,507641,7.413986634,9.978177725,20.40087724,19.69896049
235,1395543,967422,376505,535988,7.165669564,10.33675066,26.56007224,18.65713411
236,1476379,1002182,403307,617453,6.773328529,9.978227508,24.79500728,16.19556468
237,966363,863782,513828,434648,10.34807831,11.57699512,19.46176542,23.00712301
238,1456705,1076777,493343,626047,6.864807906,9.286973997,20.26987309,15.97324163
239,1238261,1081577,390729,520094,8.075841846,9.245758739,25.59318607,19.22729353
240,1053035,869292,403778,441525,9.49636052,11.50361444,24.76608433,22.64877414
241,994956,811124,498679,577747,10.05069571,12.32857122,20.05297997,17.30861432
242,1075885,774996,503835,629467,9.294673687,12.9032924,19.84776762,15.88645632
243,1048141,893658,410603,604853,9.540701108,11.18996305,24.35442508,16.53294272
244,1003027,1010594,397022,704778,9.969821351,9.895170563,25.18752109,14.18886515
245,1069386,952064,500933,668950,9.351160385,10.50349556,19.96274951,14.94880036
246,1076729,760819,525062,635817,9.287388006,13.14373064,19.04536988,15.72779589
247,1147923,928993,415123,765148,8.711385694,10.76434376,24.08924584,13.06936697
248,1022370,845097,425625,672966,9.781194675,11.83296119,23.4948605,14.85959172
249,1053100,1008719,618233,731567,9.49577438,9.913563639,16.17513138,13.66928798
250,1109494,894265,558657,729659,9.013117691,11.18236764,17.90007106,13.70503208
251,1045169,921268,437228,734706,9.567830657,10.85460474,22.87136231,13.61088653
252,1123663,997821,602292,709789,8.899465409,10.02183758,16.60324228,14.08869396
253,1118154,784206,556996,807122,8.943311923,12.75175145,17.95345029,12.38970069
254,959756,971070,434004,719050,10.41931491,10.29791879,23.04126229,13.90723872
255,1250849,1144587,623929,700156,7.994570088,8.736775798,16.02746466,14.28253132
256,1084003,881417,525612,760785,9.22506672,11.34536774,19.02544082,13.14431804
257,1070679,1003014,428989,724644,9.339867505,9.969950569,23.31062102,13.79987967
258,881510,812440,607536,886949,11.3441708,12.30860125,16.45992995,11.27460542
259,1045118,889157,546084,1046788,9.568297551,11.24660774,18.31220105,9.553032706
260,1034775,848853,447977,1004110,9.663936605,11.78060277,22.3225746,9.95906823
261,949791,1209495,650082,830900,10.52863209,8.267913468,15.3826748,12.03514262
262,1027446,1174347,571403,932436,9.732871606,8.51537067,17.50078316,10.72459665
263,1174318,928276,599487,874498,8.515580958,10.77265813,16.68092886,11.43513193
264,1098852,953449,573907,829740,9.100406606,10.48823797,17.42442591,12.05196809
265,1087376,929530,575526,909381,9.196450906,10.75812507,17.37540963,10.99649102
266,953557,897353,520373,893042,10.48705007,11.14388652,19.21698474,11.19768163
267,1057369,926941,568869,1132886,9.457436335,10.78817314,17.57873957,8.827013486
268,1121381,911541,533977,1075134,8.917575739,10.97043358,18.72739837,9.30116618
269,965336,1059001,526438,1092461,10.35908741,9.442861716,18.99558922,9.153644844
270,1331750,929073,560864,1004203,7.508916839,10.76341687,17.82963428,9.958145913
271,907388,931172,643761,959906,11.02064387,10.73915453,15.53371515,10.41768673
272,993305,786254,510012,837054,10.06740125,12.71853625,19.60738179,11.94666055
273,936565,1026927,578423,799457,10.67731551,9.737790515,17.28838584,12.50849014
274,1011723,880717,628062,807192,9.884128363,11.35438512,15.92199496,12.38862625
275,1054159,1009167,507376,890682,9.486234999,9.909162705,19.70924916,11.22735162
276,1018035,894247,461418,942397,9.822844991,11.18259273,21.67232314,10.61123921
277,1243800,926358,641662,1099964,8.039877794,10.79496264,15.58452893,9.091206621
278,965752,917774,503363,1103117,10.3546252,10.89592863,19.86637874,9.065221549
279,998465,868349,492885,1031065,10.0153736,11.516107,20.28870832,9.698709587
280,1052558,911867,648123,945816,9.500664096,10.96651156,15.42917008,10.57288098
281,906661,1081390,502337,818976,11.0294807,9.247357568,19.90695489,12.21037002
282,983582,891489,672327,990025,10.1669205,11.21718832,14.87371473,10.10075503
283,1084409,845093,561689,772971,9.221612879,11.83301719,17.80344639,12.93709596
284,919551,876205,557365,873733,10.87487263,11.4128543,17.94156432,11.445144
285,994206,943032,657883,852566,10.05827766,10.60409403,15.20027117,11.7292972
286,909576,981077,545985,804966,10.99413353,10.19287987,18.31552149,12.42288494
287,1025430,878580,651123,791232,9.752006475,11.38200278,15.35808135,12.63851816
288,1074146,796503,574444,877498,9.309721397,12.55488052,17.40813726,11.39603737
289,1009507,855165,699413,843739,9.905825319,11.69364976,14.29770393,11.85200637
290,995680,982733,568295,779769,10.04338743,10.17570388,17.59649478,12.82431079
291,1056450,913929,618493,1041013,9.465663306,10.941769,16.16833174,9.606027975
292,947934,826515,653591,938278,10.54925765,12.09899397,15.30008828,10.6578221
293,979327,913985,518764,917153,10.21109395,10.9410986,19.2765882,10.90330621
294,970371,923241,668072,835501,10.30533682,10.83140805,14.96844651,11.96886658
295,1019845,1014462,582963,832077,9.805411607,9.857441678,17.15374732,12.01811852
296,1065472,1288432,657482,755509,9.385511773,7.761371962,15.20954186,13.2361097
297,1181797,1237034,651575,660421,8.461690121,8.083852182,15.34742739,15.14185648
298,971093,1029176,705968,665972,10.29767489,9.716511073,14.16494799,15.0156463
299,892637,1147783,566989,578572,11.20276215,8.712448259,17.63702647,17.28393355
300,1016352,1043695,600915,592107,9.839110859,9.581343209,16.6412887,16.88883935
301,1044260,922788,669210,544474,9.576159194,10.83672523,14.94299248,18.36634991
302,910953,908480,564544,642347,10.97751476,11.00739697,17.71341118,15.56790956
303,1010147,906787,673909,640155,9.899549274,11.02794813,14.83879871,15.62121674
304,1093450,915664,676325,577462,9.145365586,10.92103654,14.78579085,17.3171568
305,923549,1018437,647078,564801,10.82779582,9.818967693,15.45408745,17.70535109
306,985224,950198,587754,493385,10.14997605,10.52412234,17.01392079,20.26814759
307,862149,953608,689934,536977,11.59892316,10.48648921,14.49414002,18.62277155
308,910463,962402,604755,558573,10.98342272,10.39066835,16.53562186,17.90276293
309,801835,884729,685665,592582,12.47139374,11.30289614,14.58438159,16.87530165
310,1035820,973025,590824,509956,9.654187021,10.27722823,16.9255142,19.60953494
311,887239,943680,583723,512274,11.27092024,10.59681248,17.13141336,19.52080332
312,949129,1066163,656884,374106,10.53597562,9.379428849,15.223388,26.73039192
313,955198,1089928,611221,510846,10.46903365,9.174917976,16.36069441,19.57537105
314,828489,1067912,644624,419570,12.07016629,9.364067451,15.51291916,23.83392521
315,833705,1090199,660966,380614,11.99465039,9.172637289,15.12937125,26.27333729
316,886296,1001753,679856,484338,11.28291226,9.982500676,14.7089972,20.64673843
317,831120,1079189,595261,476328,12.03195688,9.266217502,16.79935356,20.99393695
318,743935,1122893,692686,432777,13.44203459,8.905568028,14.43655567,23.10658838
319,1001852,970725,715052,337708,9.981514236,10.30157872,13.9849969,29.61138025
320,901063,995517,693610,334162,11.09800314,10.04503188,14.41732386,29.92560495
321,992409,1014168,714572,385182,10.07649064,9.86029928,13.99439105,25.96175315
322,959127,1005462,813998,383950,10.42614794,9.945676714,12.28504247,26.04505795
323,1012302,955963,604662,361254,9.878475001,10.4606559,16.53816512,27.68135439
324,899775,1180482,853635,310141,11.11388958,8.471116036,11.7146087,32.24339897
325,1089611,1026700,820838,259158,9.177587231,9.739943508,12.18267185,38.58649936
326,1090446,989592,776923,411317,9.170559569,10.10517466,12.8712884,24.31214854
327,952007,1040769,831638,434107,10.50412444,9.608280031,12.02446257,23.03579532
328,1004250,983321,859517,352277,9.957679861,10.16961908,11.6344412,28.38675247
329,878739,943983,730835,484436,11.37994331,10.59341111,13.68297906,20.64256166
330,884225,1034588,802004,364771,11.30933869,9.665683344,12.46876574,27.41446003
331,848792,953398,731203,466484,11.7814494,10.48879901,13.67609269,21.43696247
332,958576,1005482,786707,572135,10.43214101,9.945478885,12.71121269,17.47839234
333,836550,1026191,700804,420171,11.95385811,9.744774608,14.26932495,23.79983388
334,877875,997905,696652,636171,11.39114339,10.02099398,14.35436918,15.71904409
335,1019664,1110180,691403,544708,9.80715216,9.007548325,14.46334482,18.35845995
336,848713,990343,639795,559450,11.78254604,10.09751167,15.63000649,17.87469836
337,811395,968313,571729,432353,12.32445356,10.32723923,17.49080421,23.12924855
338,903083,1089074,660897,664886,11.07317932,9.18211251,15.13095081,15.0401723
339,974238,971471,523685,659198,10.26443231,10.29366806,19.0954486,15.16994894
340,974317,1075722,636581,591235,10.26360004,9.296082073,15.70892,16.91374834
341,903344,1040966,559254,670848,11.06997999,9.60646169,17.88096285,14.90650639
342,962743,1117673,550058,843474,10.38698801,8.947160753,18.17990103,11.85572999
343,914955,1060289,628394,687792,10.92949926,9.431390876,15.91358288,14.53927932
344,965705,978441,569937,718952,10.35512915,10.22034032,17.54579892,13.90913441
345,1023541,1045785,598638,799788,9.770004328,9.562194906,16.70458608,12.50331338
346,1005453,871307,555634,620817,9.945765739,11.47701097,17.99745876,16.10780633
347,857119,979551,596320,618330,11.6669914,10.20875891,16.76951972,16.17259392
348,1077663,1023046,558503,654589,9.279338717,9.774731537,17.90500678,15.27676145
349,901594,1007539,601629,532433,11.09146689,9.925174112,16.62153919,18.78170587
350,906749,892851,680991,588277,11.02841029,11.20007706,14.68448188,16.99879479
351,848611,978366,609611,675863,11.78396226,10.22112379,16.40390347,14.79589799
352,998623,900810,620845,488663,10.01378899,11.1011201,16.10707987,20.46400075
353,864706,1162002,697641,551435,11.56462428,8.605837167,14.33401993,18.13450361
354,1005677,1108137,576572,467194,9.943550464,9.024154956,17.34388767,21.40438447
355,816369,1073576,711277,508518,12.24936273,9.314664262,14.05922025,19.66498728
356,884029,1013501,691039,500914,11.3118461,9.866788489,14.47096329,19.96350671
357,1014033,1054429,658718,573115,9.861611999,9.483805927,15.1810031,17.4485051
358,1158209,974089,687065,420326,8.634020285,10.26600239,14.55466368,23.79105742
359,892931,1005015,684853,649612,11.19907361,9.950100247,14.60167364,15.3938043
360,912334,969284,594029,661993,10.96089809,10.31689371,16.83419496,15.10589991
361,965560,884309,672588,531602,10.3566842,11.30826442,14.86794293,18.81106542
362,870598,1191603,653525,715378,11.48635765,8.39205675,15.30163345,13.97862389
363,866171,1001007,642441,960153,11.54506443,9.98994013,15.56563171,10.41500677
364,840469,1033310,591869,624270,11.89811879,9.677637882,16.89563062,16.01870985
365,983335,893803,634141,774334,10.16947429,11.18814772,15.7693636,12.91432379
366,795309,1024796,615288,632401,12.5737292,9.758039649,16.25255165,15.81275172
367,819378,1027427,583369,525085,12.20437942,9.733051594,17.14180904,19.04453565
368,832450,919177,680445,522734,12.0127335,10.87929746,14.69626494,19.13018859
369,843409,923194,504390,487614,11.85664369,10.83195948,19.82592835,20.50802479
370,969115,1019299,654650,499305,10.31869283,9.810663996,15.27533797,20.0278387
371,825923,950748,541292,485505,12.10766621,10.51803422,18.474317,20.59711023
372,861859,995843,552527,450692,11.60282598,10.04174353,18.09866305,22.18810185
373,855893,979860,633204,401986,11.68370345,10.20553957,15.79269872,24.87648824
374,764826,1008210,544428,367174,13.07486932,9.918568552,18.36790172,27.23504388
375,918245,991915,627899,466415,10.89033972,10.081509,15.92612825,21.44013379
376,849716,1042402,571687,407542,11.76863799,9.593227949,17.4920892,24.5373483
377,764691,923647,601937,380549,13.07717758,10.82664698,16.61303425,26.27782493
378,810779,937582,615219,374881,12.33381723,10.66573377,16.25437446,26.67513158
379,997929,840954,570260,409386,10.02075298,11.89125683,17.53586084,24.42682456
380,886436,1035671,666841,420974,11.28113028,9.65557595,14.99607853,23.75443614
381,810541,996762,537742,469358,12.33743882,10.03248519,18.59627851,21.30569842
382,924828,973887,596978,480592,10.81282141,10.26813172,16.75103605,20.80767054
383,874652,1061054,638018,457793,11.43311854,9.42459102,15.67353899,21.84393383
384,885429,1025416,545985,556105,11.29396033,9.752139619,18.31552149,17.98221559
385,763954,1027744,706118,393043,13.08979336,9.730049506,14.16193894,25.44250883
386,781416,1012745,620897,504175,12.79728083,9.874153908,16.1057309,19.8343829
387,762488,980759,686957,552587,13.1149605,10.19618479,14.55695189,18.0966979
388,758989,993300,684130,430874,13.17542151,10.06745193,14.61710494,23.20864104
389,936897,994751,681233,459621,10.67353188,10.05276697,14.67926539,21.75705636
390,743567,971793,650283,453029,13.44868721,10.29025729,15.37792007,22.07364208
391,834596,851988,604134,509452,11.98184511,11.73725452,16.55261912,19.62893462
392,787691,850696,706696,501245,12.69533358,11.75508055,14.15035602,19.95032369
393,783394,938870,539067,405574,12.76496884,10.65110186,18.55056978,24.65641289
394,889217,1040364,649178,398446,11.24584888,9.612020408,15.40409564,25.0975038
395,886143,978427,571197,487781,11.28486034,10.22048656,17.50709475,20.50100352
396,979323,1018684,639287,584960,10.21113565,9.816586891,15.64242664,17.095186
397,843078,949632,681784,356667,11.86129872,10.53039493,14.66740199,28.03735697
398,899499,740501,681560,358604,11.11729974,13.50437069,14.67222255,27.88591315
399,1037075,939010,533231,415114,9.642504158,10.64951385,18.75359835,24.08976811
400,1018814,863147,611430,421138,9.8153343,11.58551209,16.35510197,23.74518566
401,871662,798504,665030,336845,11.47233675,12.52341879,15.03691563,29.68724488
402,997942,951993,541680,452796,10.02062244,10.50427892,18.46108403,22.08500075
403,840394,908368,667652,393006,11.89918062,11.00875416,14.97786272,25.44490415
404,1026139,705185,588235,447310,9.745268429,14.18067599,17.0000085,22.35586059
405,905103,939276,617104,371573,11.04846631,10.64649794,16.204724,26.91261206
406,841244,927505,585361,363796,11.88715759,10.78161304,17.08347498,27.4879328
407,838473,780590,580373,456967,11.92644247,12.81082258,17.23029845,21.88341828
408,819298,966540,618265,567040,12.20557111,10.34618329,16.17429419,17.63544018
409,869860,897689,572765,374349,11.49610282,11.13971542,17.45916737,26.7130405
410,684657,948453,689789,418404,14.60585373,10.54348502,14.49718682,23.90034512
411,935040,1188954,529788,401753,10.69472964,8.410754327,18.87547472,24.89091556
412,789562,897446,597299,449857,12.66524985,11.14273171,16.74203372,22.2292862
413,801122,983251,653101,347715,12.4824933,10.17034308,15.31156743,28.75918496
414,857815,953361,526032,419496,11.65752522,10.48920608,19.01025033,23.83812957
415,893318,947892,696857,394354,11.19422199,10.54972507,14.35014644,25.35792714
416,867789,939635,682535,505299,11.52353856,10.64243031,14.65126331,19.79026279
417,776759,1067796,700729,376733,12.87400597,9.365084717,14.27085221,26.543998
418,835589,776284,737450,374307,11.96760608,12.88188343,13.56024137,26.7160379
419,876234,957979,734930,397927,11.41247658,10.43864218,13.60673806,25.13023746
420,806547,996906,691940,511654,12.3985335,10.03103603,14.45212013,19.54445778
421,690289,803903,795397,354787,14.48668601,12.43931171,12.57233809,28.18592564
422,941231,906544,648091,380829,10.62438445,11.03090418,15.42993191,26.25850447
423,816937,944445,824090,447566,12.24084599,10.58822907,12.13459695,22.34307342
424,831330,931928,706915,423419,12.02891752,10.7304427,14.14597229,23.617268
425,821645,1024712,685623,374107,12.17070633,9.758839557,14.585275,26.73032047
426,774567,1003578,717781,471835,12.91043899,9.964347564,13.931826,21.19384954
427,1004935,809561,711567,455922,9.950892346,12.35237369,14.0534904,21.93357636
428,846544,1003946,658741,427739,11.81273507,9.960695097,15.18047305,23.37874264
429,876569,912637,688609,409418,11.40811505,10.95725902,14.52202919,24.42491537
430,955641,754212,677963,377834,10.46418059,13.25887151,14.75006748,26.46664938
431,955184,847052,645921,416999,10.46918709,11.80565066,15.48176944,23.98087286
432,819900,909670,611184,491555,12.19660934,10.99299746,16.36168486,20.34360346
433,746253,1003373,704121,887169,13.40028114,9.966383389,14.20210447,11.27180954
434,835944,837101,581362,763025,11.96252381,11.94598979,17.20098665,13.10573048
435,868419,908466,651039,702274,11.51517873,11.0075666,15.36006291,14.23945639
436,931625,991127,563784,576133,10.73393264,10.08952435,17.73728946,17.35710331
437,771595,781798,546117,598877,12.96016693,12.79102786,18.31109451,16.69791961
438,824257,1026904,654221,623598,12.1321384,9.738008616,15.28535464,16.03597189
439,702227,907958,563910,492097,14.24040944,11.0137253,17.73332624,20.32119684
440,932483,774152,471155,449894,10.7240561,12.9173599,21.22443782,22.22745802
441,929801,848004,662945,491458,10.75498951,11.79239721,15.08420759,20.34761872
442,655093,869101,554640,391560,15.26500817,11.50614255,18.02971297,25.53887016
443,777147,828083,620607,450304,12.86757846,12.07608416,16.11325686,22.20722001
444,871522,874107,559524,400018,11.47417965,11.44024702,17.87233434,24.99887505
445,874321,937349,599095,432470,11.43744689,10.66838499,16.69184353,23.12299119
446,943335,978212,621629,353985,10.60068798,10.2227329,16.08676558,28.2497846
447,970996,791950,579837,342769,10.2987036,12.62705979,17.24622609,29.17416686
448,746276,954672,688968,406666,13.39986815,10.47480182,14.51446221,24.59020425
449,909969,920704,589662,486821,10.98938535,10.861254,16.95886796,20.54143104
450,875963,934485,624195,361119,11.4160073,10.70108134,16.02063458,27.69170274
451,894600,814423,770825,363670,11.17818019,12.27863162,12.97311322,27.49745649
452,797530,894587,609513,404170,12.53871328,11.17834263,16.40654096,24.74206398
453,854325,860372,681504,413151,11.70514734,11.62287941,14.67342818,24.20422557
454,852384,689957,698835,367780,11.73180163,14.49365685,14.30952943,27.19016804
455,920909,1026797,655238,334256,10.85883622,9.73902339,15.26163013,29.91718922
456,935558,1088351,690550,525379,10.68880818,9.188212259,14.48121063,19.0338784
457,810765,986839,730014,404291,12.33403021,10.13336522,13.69836743,24.73465895
458,841174,860190,645231,395940,11.8881468,11.62533859,15.49832541,25.25635197
459,815575,820199,691166,371508,12.26128805,12.19216312,14.46830429,26.91732076
460,834334,899836,616595,441515,11.98560768,11.11313617,16.21810102,22.64928711
461,814073,968023,651071,433146,12.28391066,10.33033306,15.35930797,23.08690372
462,716111,915465,687853,460657,13.96431559,10.92341051,14.53798995,21.70812557
463,866688,875235,728390,367528,11.53817752,11.42550286,13.72890896,27.2088113
464,869249,872502,639870,498418,11.5041835,11.46129178,15.62817447,20.06348085
465,859219,878184,697230,403274,11.63847634,11.38713527,14.34246949,24.79703626
466,861477,827373,607110,428135,11.60797096,12.0864471,16.47147963,23.35711867
467,785228,894246,557728,397937,12.73515463,11.18260523,17.92988697,25.12960594
468,851918,867546,642604,517663,11.73821894,11.5267663,15.5616834,19.31758692
469,887654,927239,651118,499860,11.26565081,10.78470599,15.35819928,20.00560157
470,890827,749748,613269,394335,11.22552415,13.33781484,16.30605819,25.35914895
471,897485,967272,571010,394554,11.1422475,10.33835364,17.51282815,25.34507317
472,940433,903311,700109,446423,10.63339972,11.0703844,14.28349014,22.40027956
473,894027,897334,507679,491774,11.18534451,11.14412248,19.69748601,20.33454392
474,877721,777096,602726,436015,11.39314201,12.86842295,16.59128692,22.93499077
475,729319,935427,648011,375315,13.7114212,10.69030507,15.43183681,26.64428547
476,1026312,908765,508817,403055,9.74362572,11.00394491,19.65343139,24.81050973
477,947146,694287,667671,397512,10.55803435,14.40326551,14.97743649,25.15647326
478,962892,826240,562538,347916,10.38538071,12.10302091,17.77657687,28.74257005
479,888480,762363,527712,456520,11.25517738,13.11711088,18.94973016,21.90484535
480,942925,871451,564479,425149,10.60529735,11.47511449,17.71545088,23.52116552
481,848181,880806,602753,440279,11.78993635,11.35323783,16.59054372,22.7128707
482,927444,734502,522794,414532,10.78232217,13.61466681,19.12799305,24.12358998
483,967944,929040,646850,383026,10.33117618,10.76379919,15.45953467,26.10788824
484,868405,978464,594155,432069,11.51536437,10.22010008,16.83062501,23.14445146
485,922859,779466,655214,577635,10.83589151,12.82929595,15.26218915,17.31197036
486,748278,887579,592410,372963,13.36401712,11.26660275,16.88020121,26.81231114
487,902276,904309,622100,385247,11.08308323,11.05816706,16.07458608,25.9573728
488,1055307,816457,650853,423139,9.475915539,12.24804246,15.3644525,23.63289605
489,1623901,771815,670008,410296,6.158010864,12.95647273,14.92519492,24.37264804
490,757716,703118,691623,349907,13.19755687,14.22236381,14.45874414,28.57902243
491,800735,890346,576483,449293,12.48852617,11.23158862,17.34656529,22.25719074
492,922662,811811,695729,416267,10.83820511,12.31813809,14.37341264,24.0230429
493,837810,947632,703860,430249,11.93588045,10.55261958,14.20737078,23.24235501
494,876602,896929,668795,362691,11.40768559,11.1491545,14.95226489,27.57167947
495,987949,901356,692686,367118,10.12197998,11.09439556,14.43655567,27.2391983
496,912283,788418,689598,411233,10.96151085,12.68362721,14.50120215,24.31711463
497,915553,917349,546466,397465,10.92236058,10.90097662,18.29940015,25.159448
498,929101,726575,629765,499132,10.76309249,13.76320407,15.87893897,20.03478038
499,848974,922588,685781,369068,11.77892374,10.83907443,14.58191463,27.09527783
500,889595,887486,636977,415446,11.24107037,11.26778338,15.69915397,24.07051699
501,743081,707975,670228,411214,13.4574831,14.12479254,14.92029578,24.31823819
502,940676,935343,597640,368377,10.63065285,10.69126513,16.73248109,27.14610304
503,856308,894013,647629,268638,11.67804108,11.18551967,15.44093918,37.22481555
504,846142,786110,641479,502533,11.81834728,12.72086604,15.58897485,19.8991907
505,684941,867173,681489,404552,14.59979765,11.53172435,14.67375115,24.71870118
506,1120411,718807,542907,396808,8.925296164,13.9119402,18.41936096,25.20110482
507,1044814,928546,619268,400143,9.571081551,10.76952569,16.14809743,24.99106569
508,912362,863353,675080,504348,10.96056171,11.58274773,14.81305919,19.82757937
509,981507,714469,543555,445653,10.18841435,13.99640852,18.39740229,22.4389828
510,912156,803883,702376,500392,10.96303702,12.43962119,14.23738852,19.98433228
511,923605,830616,675616,432745,10.82713931,12.03925761,14.80130725,23.10829703
512,690825,882783,656190,425812,14.47544602,11.32781216,15.23948856,23.48454247
513,861407,878898,616740,420078,11.60891425,11.37788458,16.21428803,23.80510286
514,769557,729202,713214,386582,12.99448904,13.71362119,14.02103716,25.86773311
515,759619,791404,658975,460602,13.16449431,12.63577136,15.17508251,21.71071771
516,912861,744896,645847,415614,10.9545703,13.42469284,15.48354332,24.06078717
517,810578,941492,813060,507157,12.33687566,10.62143916,12.29921531,19.71775998
518,861496,744747,684872,369372,11.60771495,13.42737869,14.60126856,27.07297792
519,698639,811055,711100,408350,14.3135439,12.32962006,14.06271973,24.48879638
520,810033,727653,763436,425211,12.34517606,13.74281423,13.09867494,23.5177359
521,646532,897190,577486,512158,15.46713852,11.14591112,17.31643711,19.52522464
522,777273,796979,628441,379439,12.86549256,12.54738205,15.91239273,26.35469733
523,1023382,783828,683062,389078,9.771522266,12.75790097,14.63995948,25.7017873
524,1014052,784513,651016,409311,9.861427225,12.74676137,15.36060558,24.4313004
525,848685,821356,691011,399971,11.78293478,12.17498868,14.47154966,25.00181263
526,870299,880340,682240,344869,11.49030391,11.35924756,14.6575985,28.99651752
527,945648,874997,663179,481492,10.57475932,11.42861061,15.07888519,20.76877705
528,773597,764807,619814,515717,12.92662717,13.07519413,16.13387242,19.39047966
529,1000116,879112,704243,484562,9.998840135,11.37511489,14.19964416,20.637194
530,940508,921492,648912,546956,10.63255177,10.85196616,15.41041004,18.28300631
531,889945,731357,713046,461544,11.23664946,13.67321295,14.02434065,21.66640667
532,857782,744229,694305,649149,11.6579737,13.43672445,14.4028921,15.4047838
533,955945,721219,640897,493333,10.46085287,13.86541397,15.60313124,20.27028397
534,724368,897768,598098,442728,13.80513772,11.13873517,16.71966801,22.58723189
535,995511,728292,604339,520985,10.04509242,13.73075634,16.54700425,19.19441059
536,982299,872506,608897,384842,10.18019972,11.46123924,16.42313889,25.98468982
537,834624,750111,554985,512582,11.98144314,13.33136029,18.018505,19.50907367
538,1105626,839205,696148,557999,9.044649818,11.91603959,14.36476152,17.92117907
539,878478,672462,594225,579287,11.38332434,14.87072875,16.82864235,17.2626004
540,925397,813537,646472,461674,10.80617292,12.29200393,15.46857404,21.66030576
541,871844,715187,574766,554243,11.46994187,13.98235706,17.39838473,18.04262751
542,820096,861669,584992,661755,12.1936944,11.60538443,17.09425086,15.11133274
543,866940,869511,653890,494150,11.53482363,11.50071707,15.29309211,20.23677021
544,793340,760739,602483,497097,12.60493609,13.14511284,16.5979787,20.11679813
545,877554,865569,692747,526802,11.39531015,11.55309398,14.43528445,18.982464
546,749523,710727,678784,498596,13.34181873,14.07010005,14.73222704,20.05631814
547,913020,744159,691315,638555,10.95266259,13.43798839,14.46518591,15.66035815
548,856639,656922,583290,696605,11.67352876,15.22250739,17.14413071,14.35533767
549,727751,827962,619254,567866,13.7409636,12.07784898,16.1484625,17.60978822
550,786370,668054,675429,645305,12.7166601,14.96884982,14.80540516,15.49654814
551,887393,842400,622194,645810,11.26896426,11.8708452,16.07215756,15.48443041
552,783165,923255,659008,555391,12.76870136,10.83124381,15.17432262,18.00533318
553,934881,729911,595298,522113,10.69654854,13.70030045,16.79830942,19.15294199
554,860862,854666,673213,532988,11.6162637,11.70047715,14.85413977,18.76214849
555,894872,928952,688329,512498,11.17478254,10.76481885,14.5279365,19.51227127
556,829571,729459,703888,474061,12.05442331,13.70878966,14.20680563,21.09433174
557,804178,828568,576054,567750,12.43505791,12.06901546,17.35948366,17.61338617
558,940381,665684,686039,519263,10.63398771,15.02214264,14.57643079,19.25806383
559,945523,792748,722162,738448,10.57615732,12.61434907,13.8473085,13.54191494
560,860903,739605,582753,579884,11.61571048,13.52073066,17.15992882,17.24482828
561,879490,786814,792058,527516,11.37022593,12.70948407,12.62533804,18.95677098
562,824448,656493,629616,633857,12.12932774,15.23245488,15.88269675,15.77642907
563,978885,810682,651109,546055,10.2157046,12.335293,15.35841157,18.31317358
564,853458,806837,664694,455530,11.71703821,12.39407712,15.04451672,21.95245099
565,981940,677155,692266,626117,10.18392162,14.76766767,14.44531437,15.97145581
566,853191,582589,557051,533026,11.72070498,17.16475938,17.95167767,18.76081092
567,741859,731632,668908,558633,13.47965045,13.66807357,14.94973898,17.90084009
568,841267,888466,678728,549088,11.8868326,11.25535474,14.73344256,18.21201702
569,727121,694361,659554,565930,13.75286919,14.40173051,15.16176083,17.67002986
570,896407,670703,595648,491015,11.15564693,14.90972905,16.78843881,20.3659766
571,897628,806921,610712,517210,11.14047245,12.3927869,16.37433029,19.33450629
572,918562,699553,719064,531720,10.88658142,14.29484256,13.90696795,18.80689084
573,888928,1124875,617118,393510,11.24950502,8.889876653,16.20435638,25.41231481
574,835020,809393,683430,588347,11.97576106,12.35493759,14.63207644,16.99677231
575,970576,711548,552471,561866,10.30316019,14.05386566,18.10049758,17.79783792
576,922425,838011,682661,554075,10.84098978,11.93301759,14.64855909,18.04809818
577,864869,795151,689630,554150,11.56244472,12.57622766,14.50052927,18.04565551
578,747061,706318,686314,577491,13.38578777,14.15792886,14.57059014,17.31628718
579,853812,760384,690704,545393,11.7121802,13.15124989,14.47798189,18.33540218
580,800898,727149,701307,457344,12.48598448,13.75233962,14.25909053,21.86537923
581,684457,740553,581051,651286,14.6101216,13.50342244,17.21019325,15.35423762
582,766113,526442,674879,498157,13.05290473,18.99544489,14.81747098,20.07399274
583,867375,803847,680580,591374,11.52903877,12.44017829,14.69334979,16.90977283
584,699171,736195,561181,597216,14.30265271,13.58335767,17.81956267,16.7443605
585,784099,844523,670405,547185,12.75349159,11.84100374,14.91635653,18.27535477
586,703183,698556,567652,588814,14.22104914,14.31524459,17.61642697,16.98329184
587,660221,802256,646882,563317,15.14644339,12.46484913,15.45876991,17.75199399
588,761001,818593,587465,476402,13.1405872,12.21608296,17.02229069,20.99067594
589,718458,649747,674133,533105,13.9186981,15.39060588,14.83386809,18.75803078
590,809109,572770,631020,535620,12.35927421,17.45901496,15.84735825,18.66995258
591,705889,805456,627815,411994,14.16653327,12.41532747,15.92825912,24.27219814
592,829240,620146,662455,542239,12.05923496,16.12523503,15.09536497,18.44205231
593,866053,695533,558013,573143,11.54663745,14.37746304,17.92072945,17.44765268
594,904104,672169,662795,551019,11.06067444,14.87721094,15.08762136,18.14819453
595,679889,783007,579982,542968,14.70828326,12.77127791,17.2419144,18.41729163
596,831675,693064,632396,625221,12.02392762,14.42868191,15.81287674,15.9943444
597,839042,829478,572913,567917,11.9183545,12.05577484,17.45465716,17.60820683
598,680038,1037816,570792,646887,14.7050606,9.635619416,17.51951674,15.45865043
599,734861,896817,615887,578568,13.60801567,11.15054688,16.23674473,17.28405304
600,708707,814768,573609,514369,14.11020351,12.27343244,17.43347821,19.44129603
601,840231,637062,578485,563192,11.901489,15.69705931,17.28653293,17.75593403
602,837577,829702,634067,748036,11.93920081,12.05252006,15.77120399,13.36834056
603,724811,659792,594360,567273,13.79670011,15.15629168,16.82481997,17.62819665
604,808885,771320,665319,600304,12.3626968,12.96478764,15.03038392,16.6582265
605,844010,683239,558129,567581,11.84820085,14.63616685,17.91700485,17.61863064
606,674921,801370,653320,583140,14.8165489,12.47863035,15.30643483,17.14854066
607,743211,589929,677361,524073,13.45512916,16.95119243,14.7631765,19.08131119
608,619987,679531,558489,470711,16.12937045,14.71603209,17.90545561,21.24445785
609,771376,656418,714091,408163,12.96384643,15.23419528,14.00381744,24.50001593
610,1172023,588324,598247,506606,8.532255766,16.99743679,16.7155038,19.73920562
611,793448,642311,644475,543587,12.60322037,15.5687821,15.51650568,18.39631926
612,912898,618406,753531,449237,10.95412631,16.17060637,13.27085415,22.25996523
613,936486,920852,687345,449008,10.67821623,10.85950837,14.54873462,22.27131811
614,824723,651538,692593,442770,12.12528328,15.34829895,14.43849418,22.58508932
615,711007,732971,716839,526541,14.06455914,13.64310457,13.95013385,18.99187338
616,1142506,703188,689444,464637,8.752689264,14.22094803,14.50444126,21.52217753
617,863386,803222,686468,529270,11.58230502,12.4498582,14.56732142,18.89394827
618,656031,816901,707270,436575,15.24318211,12.24138543,14.138872,22.90557178
619,816714,697333,696969,478862,12.2441883,14.34035102,14.34784043,20.88284307
620,711628,733947,682478,482729,14.05228574,13.62496202,14.65248697,20.71555676
621,716876,680953,728148,515474,13.94941385,14.68530134,13.73347177,19.39962054
622,811484,693895,720925,542967,12.32310187,14.4114023,13.87106842,18.41732555
623,774404,621297,660715,582837,12.91315644,16.0953618,15.13511877,17.15745569
624,779448,737739,693610,455582,12.82959222,13.55492932,14.41732386,21.94994534
625,825723,571813,694823,555167,12.11059883,17.48823479,14.39215455,18.01259801
626,714062,697324,560234,553422,14.00438617,14.34053611,17.84968424,18.0693937
627,786287,581424,611524,514285,12.71800246,17.19915243,16.35258796,19.44447145
628,739190,578923,642259,503639,13.52832154,17.27345433,15.57004262,19.85549173
629,687135,707597,535325,470865,14.55318096,14.13233804,18.68024098,21.23750969
630,790760,611323,662973,506396,12.64606202,16.35796461,15.08357052,19.74739137
631,574435,696787,682493,531822,17.40841,14.35158807,14.65216493,18.80328381
632,731656,649719,636456,519343,13.66762522,15.39126915,15.71200523,19.25509731
633,663724,519878,590008,456477,15.06650355,19.23528212,16.94892273,21.90690878
634,721112,616693,677444,555107,13.86747135,16.21552377,14.76136773,18.01454494
635,628189,662586,530529,647736,15.91877604,15.09238046,18.84911098,15.43838848
636,711287,800884,600966,531192,14.05902259,12.48620275,16.63987647,18.82558472
637,696521,567362,651193,580388,14.35706892,17.62543138,15.35643043,17.22985313
638,831694,910636,560761,507683,12.02365293,10.98133612,17.83290921,19.69733081
639,604787,664653,711753,524628,16.53474694,15.04544477,14.04981784,19.06112522
640,771334,674566,699288,658229,12.96455232,14.82434632,14.30025969,15.19228111
641,696540,665679,564055,557350,14.35667729,15.02225547,17.72876758,17.94204719
642,608743,523466,717362,548002,16.42729362,19.10343747,13.93996337,18.24810858
643,708165,759242,686500,500233,14.12100287,13.17103111,14.56664239,19.99068434
644,697804,605161,633147,735425,14.33067165,16.52452818,15.79412048,13.59757963
645,776960,704873,599338,500522,12.87067545,14.18695283,16.68507587,19.97914178
646,603271,587531,696582,558158,16.57629821,17.0203785,14.35581166,17.91607394
647,703486,759876,619801,510571,14.21492396,13.1600419,16.13421082,19.58591459
648,708432,616292,679675,430412,14.11568083,16.22607465,14.71291426,23.23355297
649,763161,774016,605645,581671,13.10339496,12.91962957,16.51132264,17.191849
650,810192,608258,681065,445056,12.34275332,16.44039207,14.68288636,22.46908254
651,609052,685661,655154,470497,16.4189593,14.58446667,15.26358688,21.25412064
652,561676,619413,599679,454933,17.80385845,16.14431728,16.67558811,21.98125878
653,691338,754912,625492,431993,14.46470467,13.24657708,15.98741471,23.14852324
654,659903,661098,579016,531052,15.15374229,15.1263504,17.27067991,18.83054767
655,720086,818267,682833,458749,13.88723014,12.22094989,14.64486924,21.79841264
656,702814,661597,558890,401725,14.22851565,15.11494157,17.89260856,24.89265044
657,786790,724499,713111,436179,12.70987176,13.80264155,14.02306233,22.92636739
658,703430,583350,671212,495026,14.21605561,17.14236736,14.89842256,20.20095914
659,668950,838533,565990,416038,14.94880036,11.92558909,17.66815668,24.03626592
660,722693,564231,645921,512540,13.83713416,17.72323747,15.48176944,19.51067234
661,561647,837306,559809,537299,17.80477773,11.94306502,17.8632355,18.61161104
662,717953,640896,667880,474256,13.92848836,15.60315558,14.9727496,21.08565838
663,664233,688599,558143,535670,15.05495812,14.52224008,17.91655543,18.66820991
664,643752,579446,687027,532624,15.53393232,17.25786355,14.55546871,18.77497071
665,637608,621433,586024,542822,15.68361752,16.09183935,17.06414754,18.42224523
666,748367,748400,605072,531267,13.36242779,13.36183859,16.52695878,18.82292708
667,694580,741933,678224,423027,14.39718967,13.47830599,14.74439123,23.63915306
668,509022,602132,544609,514294,19.6455163,16.60765414,18.36179718,19.44413118
669,563466,591697,673596,417587,17.74729975,16.900542,14.84569386,23.94710563
670,732071,688963,609052,504138,13.65987725,14.51456755,16.4189593,19.8358386
671,612695,665091,578713,508612,16.32133443,15.03553649,17.27972242,19.66135286
672,664051,690573,660360,467445,15.05908432,14.48072832,15.14325519,21.39289114
673,564815,677156,601242,512334,17.70491223,14.76764586,16.63223793,19.51851722
674,799074,809879,634417,454742,12.51448552,12.34752352,15.76250321,21.99049131
675,558862,640374,676559,462127,17.89350502,15.61587447,14.78067693,21.63907324
676,687144,709271,703781,578358,14.55299035,14.09898332,14.20896557,17.29032883
677,619245,595853,563719,523947,16.1486972,16.78266284,17.73933467,19.08589991
678,762498,611435,706971,555247,13.1147885,16.35496823,14.14485177,18.01000276
679,568169,574500,659022,563686,17.60039706,17.40644038,15.17400026,17.74037319
680,736176,656572,587754,649742,13.58370824,15.23062208,17.01392079,15.39072432
681,635331,602375,666538,547352,15.73982696,16.60095455,15.00289556,18.26977886
682,489596,698290,597249,619916,20.42500347,14.3206977,16.74343532,16.13121778
683,743193,603486,618745,593376,13.45545504,16.57039269,16.16174676,16.8527207
684,741340,753811,556562,561540,13.48908733,13.26592475,17.96745017,17.80817039
685,627974,775556,692771,642539,15.92422616,12.89397542,14.43478437,15.56325764
686,716778,675920,626528,577793,13.95132105,14.79465025,15.9609786,17.30723633
687,774409,748110,611608,541997,12.91307307,13.36701822,16.35034205,18.45028663
688,549862,570035,647932,541432,18.18638131,17.54278246,15.43371835,18.46954003
689,759797,603639,527381,477074,13.16141022,16.56619271,18.96162357,20.96110876
690,618858,786193,702255,702521,16.15879572,12.71952307,14.23984165,14.23444993
691,640608,749491,563649,679754,15.61017034,13.34238837,17.74153773,14.71120435
692,584124,671226,565282,546592,17.11965268,14.89811181,17.69028556,18.29518178
693,573660,610754,638419,458805,17.43192832,16.37320427,15.66369422,21.79575201
694,662180,773555,585617,567749,15.101634,12.92732902,17.07600701,17.6134172
695,586952,634677,596810,396854,17.03716829,15.75604599,16.75575141,25.19818371
696,713662,787658,570240,494667,14.01223548,12.69586546,17.53647587,20.2156198
697,579455,590581,600509,422136,17.2575955,16.93247836,16.65253976,23.68904808
698,747495,564138,601158,395352,13.37801591,17.7261592,16.63456196,25.2939153
699,581461,752855,569009,374433,17.198058,13.28277025,17.57441446,26.70704772
700,688889,572769,677925,512073,14.51612669,17.45904544,14.75089427,19.52846567
701,626854,694729,513646,426964,15.95267798,14.39410187,19.4686613,23.42117837
702,762172,631100,604890,419514,13.12039802,15.84534939,16.53193143,23.83710675
703,597322,582716,676819,461315,16.74138907,17.1610184,14.77499893,21.67716203
704,675074,806128,575405,456924,14.81319085,12.40497787,17.37906344,21.88547767
705,633059,837884,714072,444287,15.79631598,11.9348263,14.00419005,22.50797345
706,650843,562053,688011,520126,15.36468857,17.79191642,14.53465134,19.2261106
707,757539,838463,666504,502113,13.2006405,11.92658472,15.00366089,19.91583568
708,631198,640477,630139,528290,15.84288924,15.61336317,15.8695145,18.92899733
709,739684,560962,793792,453309,13.51928661,17.82651944,12.59775861,22.06000763
710,600999,690088,530511,398580,16.63896279,14.49090551,18.84975052,25.08906618
711,731045,613544,645347,403783,13.67904849,16.29874956,15.49553961,24.76577766
712,657123,547385,781001,541358,15.21785115,18.26867744,12.80408092,18.4720647
713,740478,821603,597323,558311,13.50479015,12.17132849,16.74136104,17.91116421
714,658825,735775,703183,552494,15.17853755,13.59111141,14.22104914,18.09974407
715,655135,647484,679301,551570,15.26402955,15.44439708,14.72101469,18.13006509
716,601894,636525,652028,544502,16.61422111,15.71030203,15.33676468,18.36540545
717,782461,761830,630544,551967,12.78018968,13.12628802,15.85932147,18.11702511
718,644877,573184,766324,570077,15.50683309,17.44640464,13.04931074,17.54149001
719,689262,829665,549172,546046,14.50827117,12.05305756,18.20923135,18.31347542
720,704154,655140,690354,492554,14.20143889,15.26391306,14.48532202,20.30234248
721,540616,757105,669644,486796,18.49741776,13.20820758,14.93330785,20.54248597
722,585734,601400,632005,531883,17.07259609,16.62786831,15.82265963,18.80112732
723,747158,750331,592341,453529,13.38404996,13.32745148,16.88216754,22.04930666
724,553571,513062,603453,637482,18.06453011,19.49082177,16.57129884,15.68671743
725,705259,570712,626518,497713,14.17918807,17.52197255,15.96123336,20.09190035
726,723715,842787,569504,416146,13.81759394,11.86539422,17.55913918,24.03002792
727,521241,599333,671515,450491,19.18498353,16.68521506,14.89170011,22.19800174
728,648231,778607,523812,480527,15.42659947,12.8434499,19.09081884,20.81048515
729,704415,593810,658896,351596,14.19617697,16.8404035,15.17690197,28.44173426
730,588776,625259,591178,385009,16.98438795,15.99337235,16.91537912,25.9734188
731,545458,720632,560630,412842,18.33321722,13.87670822,17.83707615,24.22234172
732,691310,631081,659646,517136,14.46529054,15.84582645,15.15964623,19.33727298
733,553067,578816,598960,357358,18.080992,17.2766475,16.69560572,27.98314295
734,753634,726590,653162,374946,13.26904041,13.76291994,15.31013745,26.67050722
735,739293,635485,699791,419201,13.52643674,15.73601265,14.28998087,23.85490493
736,569312,568594,719008,425844,17.56506099,17.58724151,13.90805109,23.48277773
737,575797,723930,665492,345802,17.36723185,13.81349025,15.02647665,28.91828272
738,746277,585538,596035,372944,13.39985019,17.07831089,16.77753823,26.81367712
739,546643,687774,711291,410869,18.2934749,14.53965983,14.05894353,24.33865782
740,684260,613030,633422,507348,14.61432789,16.31241538,15.78726347,19.71033689
741,608095,596991,703971,356061,16.44479892,16.75067128,14.20513061,28.08507531
742,653951,647144,602203,497495,15.29166558,15.45251134,16.60569609,20.10070453
743,593544,602972,627526,506168,16.84795062,16.58451802,15.9355947,19.75628645
744,671403,635653,675187,445794,14.89418427,15.7318537,14.8107117,22.43188558
745,599282,650875,688441,428332,16.68663501,15.36393317,14.525573,23.34637618
746,701382,608809,569009,434602,14.25756578,16.42551276,17.57441446,23.00955817
747,545431,611818,615294,505412,18.33412476,16.34472997,16.25239316,19.78583809
748,548557,780576,681163,467837,18.22964614,12.81105235,14.68077391,21.37496607
749,706169,650820,556907,472526,14.16091615,15.36523155,17.95631946,21.16285665
750,554215,752883,694501,538978,18.04353906,13.28227626,14.39882736,18.55363299
751,525733,673036,683076,477093,19.02106202,14.85804623,14.63965942,20.96027399
752,683799,711678,625614,400531,14.6241805,14.05129848,15.98429703,24.9668565
753,637398,636638,603835,368597,15.68878472,15.70751353,16.56081545,27.12990068
754,727163,744919,609682,352856,13.75207484,13.42427834,16.40199317,28.34017276
755,563317,661531,628902,449787,17.75199399,15.11644957,15.90072857,22.23274572
756,655144,751870,658965,425971,15.26381986,13.30017157,15.1753128,23.47577652
757,552200,549400,675602,352007,18.10938066,18.20167455,14.80161397,28.40852597
758,611095,631277,537178,455623,16.36406778,15.84090661,18.61580333,21.94797014
759,682208,776993,695873,404360,14.65828604,12.87012882,14.37043828,24.73043822
760,543700,608212,592097,416538,18.39249586,16.44163548,16.88912459,24.00741349
761,540877,750027,560275,362452,18.48849184,13.33285335,17.84837803,27.58986017
762,659203,594785,634114,374289,15.16983388,16.8127979,15.77003504,26.71732271
763,550814,551169,582931,421810,18.15494886,18.14325552,17.15468898,23.70735639
764,697459,740888,649262,412535,14.33776036,13.49731673,15.4021027,24.24036748
765,524376,595666,681676,378189,19.07028544,16.78793149,14.66972579,26.44180555
766,622128,700958,659152,379056,16.07386261,14.26618999,15.1710076,26.38132624
767,588501,601633,568113,438884,16.99232457,16.62142868,17.60213197,22.78506393
768,697584,704214,610539,489195,14.33519117,14.20022891,16.37897006,20.44174613
769,529121,553515,703216,402798,18.89926879,18.06635773,14.22038179,24.82633975
770,720692,578569,659446,382877,13.87555294,17.28402317,15.16424393,26.11804835
771,559203,666323,680692,431476,17.88259362,15.00773649,14.69093217,23.17626009
772,674622,580569,608109,492853,14.82311576,17.2244815,16.44442033,20.29002563
773,578806,600094,670736,382999,17.27694599,16.66405596,14.90899549,26.10972875
774,694800,989265,650489,405033,14.39263097,10.10851491,15.37305012,24.6893463
775,538101,674855,678779,408760,18.5838718,14.81799794,14.73233556,24.46423329
776,942546,740361,555726,414443,10.60956176,13.50692432,17.99447929,24.12877042
777,606481,617747,607992,330429,16.48856271,16.18785684,16.44758484,30.26368751
778,713335,945285,687554,514299,14.01865883,10.57882014,14.54431216,19.44394214
779,616926,640388,652429,409801,16.20939951,15.61553308,15.3273383,24.40208784
780,636530,734795,693079,410785,15.71017862,13.60923795,14.42836964,24.34363475
781,591575,598718,601321,385788,16.90402738,16.70235403,16.63005283,25.92097214
782,733512,778150,664811,469125,13.63304213,12.85099274,15.04186904,21.31628031
783,617514,631099,676125,425616,16.19396483,15.8453745,14.79016454,23.49535732
784,726687,754021,701327,415255,13.76108283,13.2622301,14.25868389,24.08158842
785,612280,640099,645179,337064,16.33239694,15.62258338,15.49957454,29.66795623
786,1013748,778472,702041,302527,9.864384443,12.84567717,14.24418232,33.05490088
787,680697,693059,606290,413846,14.69082426,14.42878601,16.49375711,24.16357776
788,755038,686076,568011,376322,13.24436651,14.57564468,17.60529286,26.57298803
789,541871,887417,678257,455357,18.45457683,11.26865949,14.74367386,21.9607912
790,680529,635994,673727,334642,14.69445093,15.72341877,14.84280725,29.8826806
791,576847,748344,634384,415992,17.33561932,13.36283848,15.76332316,24.03892383
792,749902,604437,595756,398203,13.33507578,16.54432141,16.78539536,25.11281934
793,680015,717216,682637,352651,14.70555797,13.94280105,14.64907411,28.35664722
794,655849,631794,540653,396957,15.24741213,15.82794392,18.49615188,25.19164544
795,563359,714861,598060,437252,17.75067053,13.98873347,16.72073036,22.87010694
796,549410,580051,668465,430030,18.20134326,17.23986339,14.95964635,23.25419157
797,663290,581689,541647,371900,15.07636177,17.19131701,18.46220878,26.88894864
798,655859,728007,719796,373742,15.24717965,13.73613166,13.89282519,26.75642556
799,659357,569522,665954,425313,15.1662908,17.55858422,15.01605216,23.5120958
800,577141,595312,671258,474588,17.32678843,16.79791437,14.8974016,21.07090782
801,728880,684317,697277,349366,13.71967951,14.61311059,14.34150273,28.62327759
802,562076,542701,731264,381548,17.79118838,18.42635263,13.67495186,26.20902219
803,676913,601965,679339,406292,14.77294719,16.61226151,14.72019124,24.61284003
804,574953,932404,690839,405933,17.39272601,10.72496471,14.47515268,24.63460719
805,714296,530016,680995,376990,13.9997984,18.86735495,14.68439563,26.52590254
806,606714,768950,641545,416701,16.48223051,13.00474673,15.58737111,23.99802256
807,666947,614991,594075,426480,14.99369515,16.26040056,16.83289147,23.44775839
808,513422,639665,612541,396598,19.47715524,15.63318299,16.32543781,25.21444889
809,656036,581578,721616,370738,15.24306593,17.19459815,13.85778586,26.97322638
810,592210,596343,774357,357633,16.88590196,16.76887295,12.91394021,27.96162547
811,584041,717398,847603,410501,17.12208561,13.93926384,11.79797618,24.36047659
812,730731,641559,790938,515181,13.68492646,15.58703097,12.64321603,19.41065373
813,593362,738686,849866,345489,16.85311833,13.53755181,11.76656085,28.94448159
814,668021,607288,730429,364277,14.96958928,16.46665174,13.69058457,27.45163708
815,549162,751204,794259,449903,18.20956293,13.3119632,12.59035151,22.22701338
816,682618,638065,771077,471677,14.64948185,15.67238447,12.96887341,21.20094895
817,580994,600715,700809,417877,17.21188171,16.6468292,14.26922314,23.93048672
818,483629,704312,706687,399738,20.67700655,14.19825305,14.15053623,25.01638573
819,680804,587969,661494,436481,14.68851534,17.00769939,15.11729509,22.9105047
820,586420,689206,545477,428788,17.0526244,14.50945,18.33257864,23.32154818
821,720856,599795,684802,383432,13.87239615,16.67236306,14.60276109,26.08024369
822,629299,614118,538843,377012,15.89069743,16.28351555,18.55828135,26.52435466
823,691226,584488,596912,419906,14.4670484,17.10899112,16.7528882,23.8148538
824,561531,692289,528612,394261,17.80845581,14.44483445,18.91746688,25.36390868
825,706958,600290,587507,451994,14.14511187,16.658615,17.02107379,22.12418749
826,613045,553908,524302,324015,16.31201625,18.05353958,19.07297702,30.8627687
827,605795,744103,592788,402229,16.5072343,13.43899971,16.8694373,24.86145952
828,485230,593768,553599,405033,20.60878346,16.8415947,18.06361644,24.6893463
829,534346,517975,622525,367589,18.71446591,19.30595106,16.0636119,27.2042961
830,453683,807537,567531,365742,22.04182215,12.38333352,17.62018286,27.34167801
831,729739,568855,594864,442420,13.70352962,17.5791722,16.8105651,22.60295647
832,718047,659777,642618,404576,13.92666497,15.15663626,15.56134438,24.71723483
833,559506,611351,587684,379420,17.87290932,16.35721541,17.01594735,26.35601708
834,686309,690041,651296,399266,14.57069629,14.49189251,15.35400187,25.04595934
835,533086,583154,523546,436510,18.75869935,17.14812897,19.10051839,22.90898261
836,529023,576072,587661,407939,18.90276982,17.35894124,17.01661332,24.51346893
837,636199,561423,669691,372245,15.71835228,17.81188159,14.9322598,26.86402772
838,599073,649308,528598,365345,16.69245651,15.40101154,18.91796791,27.37138869
839,658317,633647,654650,507385,15.19025029,15.78165761,15.27533797,19.70889955
840,588072,574005,572615,443255,17.00472051,17.42145103,17.46374091,22.56037721
841,540597,698406,531831,383941,18.49806788,14.31831914,18.8029656,26.04566848
842,596078,594416,629887,400722,16.77632793,16.82323491,15.87586345,24.9549563
843,590736,564166,560010,568650,16.92803554,17.72527944,17.85682399,17.58550954
844,698476,738742,474565,548883,14.31688419,13.53652561,21.07192903,18.21881895
845,557313,627540,643966,379872,17.94323836,15.93523919,15.52877015,26.32465673
846,729454,838240,550525,369227,13.70888363,11.92975759,18.16447936,27.08360981
847,655746,565211,508849,420302,15.24980709,17.69250775,19.65219545,23.79241593
848,748996,782713,557332,426540,13.35120615,12.77607501,17.94262666,23.44446007
849,743310,651463,543453,334474,13.4533371,15.35006593,18.40085527,29.8976901
850,636311,693568,505094,296634,15.71558562,14.41819692,19.79829497,33.71157723
851,659404,651160,520443,406969,15.1652098,15.35720867,19.21440004,24.57189614
852,603803,727191,533217,392768,16.56169314,13.75154533,18.75409074,25.46032263
853,744061,598022,405523,412036,13.4397583,16.72179284,24.65951376,24.269724
854,584909,575130,624684,356113,17.09667658,17.38737329,16.00809369,28.0809743
855,697468,779405,483881,413505,14.33757534,12.83030004,20.66623819,24.18350443
856,565361,565184,428481,387631,17.68781363,17.69335296,23.33825771,25.79773032
857,647022,770233,449988,344506,15.45542501,12.98308434,22.22281483,29.02707065
858,578307,641563,615816,295701,17.29185363,15.58693379,16.23861673,33.81794448
859,674100,538087,487497,348210,14.83459427,18.58435532,20.51294675,28.71830217
860,714777,699657,404249,397671,13.99037742,14.29271772,24.73722879,25.146415
861,572540,598713,553782,392016,17.46602857,16.70249352,18.05764723,25.50916289
862,657216,766366,485784,358874,15.21569773,13.04859558,20.5852807,27.8649331
863,594468,872035,393127,341552,16.82176332,11.46742963,25.4370725,29.27811871
864,732286,655355,483694,341552,13.6558667,15.25890548,20.67422792,29.27811871
865,571887,717072,517290,442406,17.48597188,13.945601,19.33151617,22.60367174
866,634580,617724,485108,348857,15.75845441,16.18845957,20.61396637,28.6650404
867,599702,534542,506965,352669,16.67494856,18.70760389,19.72522758,28.35519992
868,650778,677921,499692,393383,15.3662232,14.75098131,20.01232759,25.42051893
869,580476,694813,547180,568076,17.22724109,14.39236169,18.27552177,17.60327843
870,574621,555568,554295,475166,17.40277505,17.99959681,18.04093488,21.04527681
871,663505,711245,528085,396341,15.07147648,14.05985279,18.93634547,25.23079873
872,558810,598512,591384,379966,17.89517009,16.70810276,16.9094869,26.31814426
873,539132,553917,562417,442098,18.54833325,18.05324624,17.78040137,22.61941922
874,693964,759036,596936,415212,14.40996939,13.17460568,16.75221464,24.08408235
875,568188,628916,548854,348969,17.59980851,15.90037461,18.21978158,28.65584049
876,742045,629145,493174,336719,13.47627165,15.8945871,20.27681913,29.69835382
877,591323,584993,616226,408392,16.91123126,17.09422164,16.22781252,24.48627789
878,695817,625077,536967,401450,14.37159483,15.99802904,18.62311837,24.90970233
879,600454,695709,669504,302657,16.65406509,14.37382584,14.93643055,33.04070284
880,958978,628198,505850,346913,10.42776789,15.91854797,19.76870614,28.82567099
881,598321,717566,559636,343176,16.71343643,13.93600031,17.86875755,29.13956687
882,559982,606247,556380,387999,17.85771686,16.49492699,17.97332758,25.7732623
883,639282,630106,535293,395352,15.64254898,15.87034562,18.68135769,25.2939153
884,595144,759689,563905,300693,16.80265616,13.16328129,17.73348348,33.25651079
885,707760,595079,618966,322826,14.12908331,16.8044915,16.15597626,30.97643932
886,806063,764854,505341,335352,12.40597819,13.07439067,19.78861798,29.81941363
887,722209,617519,514164,485295,13.84640734,16.19383371,19.44904739,20.60602314
888,769878,672257,658233,393990,12.989071,14.87526348,15.19218878,25.38135486
889,566425,647055,513870,339280,17.65458799,15.45463678,19.46017475,29.47418062
890,689439,575671,549807,285611,14.50454645,17.37103311,18.18820059,35.01265708
891,553782,703878,531458,382350,18.05764723,14.20700746,18.81616233,26.15404734
892,556618,602520,501670,385312,17.96564251,16.59695944,19.93342237,25.95299394
893,675359,620915,528355,311768,14.80693972,16.10526401,18.92666862,32.07513279
894,544842,738411,560094,347104,18.35394481,13.54259349,17.85414591,28.80980916
895,681835,650755,514966,338071,14.6663049,15.36676629,19.41875774,29.57958535
896,567432,777787,572490,410902,17.62325706,12.85699041,17.46755402,24.33670316
897,531290,570142,640570,395796,18.82211222,17.53949016,15.61109637,25.26554083
898,687097,580738,508393,335819,14.55398583,17.21946902,19.66982236,29.77794586
899,595256,881431,479425,275799,16.79949467,11.34518754,20.85831986,36.25828955